0, 0, 17.7905448013, 17.7905448013, 0.166666666667, 0.166666666667, 0.0, [ 0.  0.  1.  0.  0.  0.]
0, 1, 17.2884918902, 17.5395183458, 0.166666666667, 0.166666666667, 0.0, [ 0.   0.   0.5  0.   0.   0.5]
0, 2, 16.1756261536, 17.084887615, 0.166666666667, 0.166666666667, 0.0, [ 0.          0.          0.66666667  0.          0.          0.33333333]
0, 3, 14.8554636748, 16.52753163, 0.166666666667, 0.166666666667, 0.0, [ 0.   0.   0.5  0.   0.   0.5]
0, 4, 15.2184051228, 16.2657063285, 0.333333333333, 0.2, 0.0, [ 0.   0.   0.6  0.   0.   0.6]
0, 5, 14.5978011163, 15.9877221265, 0.333333333333, 0.222222222222, 0.0, [ 0.          0.          0.66666667  0.          0.          0.66666667]
0, 6, 13.3935975752, 15.6171329049, 0.333333333333, 0.238095238095, 0.0, [ 0.          0.          0.71428571  0.          0.          0.71428571]
0, 7, 13.8100624304, 15.3912490956, 0.333333333333, 0.25, 0.0, [ 0.    0.    0.75  0.    0.    0.75]
0, 8, 14.3234615146, 15.272606031, 0.333333333333, 0.259259259259, 0.0, [ 0.          0.          0.77777778  0.11111111  0.          0.66666667]
0, 9, 14.2832432409, 15.173669752, 0.166666666667, 0.25, 0.0, [ 0.   0.   0.7  0.1  0.   0.7]
0, 10, 13.1327870166, 14.9881349579, 0.5, 0.272727272727, 0.0, [ 0.          0.09090909  0.63636364  0.18181818  0.          0.72727273]
0, 11, 11.6955529361, 14.7137531227, 0.5, 0.291666666667, 0.0, [ 0.          0.16666667  0.58333333  0.25        0.          0.75      ]
0, 12, 12.6024694637, 14.5513466874, 0.666666666667, 0.320512820513, 0.0, [ 0.          0.23076923  0.61538462  0.30769231  0.          0.76923077]
0, 13, 11.7539120605, 14.3515299284, 0.5, 0.333333333333, 0.0, [ 0.          0.28571429  0.64285714  0.28571429  0.          0.78571429]
0, 14, 13.8407684748, 14.3174791648, 0.333333333333, 0.333333333333, 0.0, [ 0.          0.33333333  0.6         0.26666667  0.          0.8       ]
0, 15, 12.7716949456, 14.2208676511, 0.666666666667, 0.354166666667, 0.0, [ 0.      0.375   0.625   0.3125  0.      0.8125]
0, 16, 10.9408502868, 14.0279254532, 0.333333333333, 0.352941176471, 0.0, [ 0.          0.41176471  0.58823529  0.29411765  0.          0.82352941]
0, 17, 13.6887091205, 14.0090801014, 0.166666666667, 0.342592592593, 0.0, [ 0.          0.44444444  0.55555556  0.27777778  0.          0.77777778]
0, 18, 13.9186148973, 14.0043187748, 0.166666666667, 0.333333333333, 0.0, [ 0.          0.42105263  0.52631579  0.26315789  0.          0.78947368]
0, 19, 13.2092941537, 13.9645675438, 0.5, 0.341666666667, 0.0, [ 0.    0.45  0.55  0.3   0.    0.75]
0, 20, 10.8176190425, 13.8147128532, 0.666666666667, 0.357142857143, 0.0, [ 0.          0.47619048  0.57142857  0.33333333  0.          0.76190476]
0, 21, 8.7700625461, 13.5854105666, 0.666666666667, 0.371212121212, 0.0, [ 0.04545455  0.5         0.59090909  0.31818182  0.          0.77272727]
0, 22, 10.5345619043, 13.4527649725, 0.5, 0.376811594203, 0.0, [ 0.04347826  0.52173913  0.60869565  0.30434783  0.          0.7826087 ]
0, 23, 10.0555332314, 13.31121365, 0.333333333333, 0.375, 0.0, [ 0.04166667  0.54166667  0.58333333  0.29166667  0.          0.79166667]
0, 24, 10.6796335523, 13.2059504461, 0.333333333333, 0.373333333333, 0.0, [ 0.04  0.56  0.56  0.28  0.    0.8 ]
0, 25, 9.67401697599, 13.0701068511, 0.333333333333, 0.371794871795, 0.0, [ 0.07692308  0.57692308  0.53846154  0.26923077  0.          0.76923077]
0, 26, 11.9089701724, 13.0271017889, 0.333333333333, 0.37037037037, 0.0, [ 0.07407407  0.59259259  0.51851852  0.25925926  0.          0.77777778]
0, 27, 9.12617440032, 12.8877829536, 0.666666666667, 0.380952380952, 0.0, [ 0.07142857  0.60714286  0.53571429  0.28571429  0.          0.78571429]
0, 28, 8.23493415855, 12.7273398917, 0.666666666667, 0.390804597701, 0.0, [ 0.10344828  0.62068966  0.55172414  0.27586207  0.          0.79310345]
0, 29, 8.22267848015, 12.5771845113, 0.666666666667, 0.4, 0.0, [ 0.1         0.63333333  0.56666667  0.3         0.          0.8       ]
0, 30, 7.47715585527, 12.4126674579, 0.833333333333, 0.413978494624, 0.0, [ 0.12903226  0.64516129  0.58064516  0.32258065  0.          0.80645161]
0, 31, 7.41551914618, 12.2565065732, 0.666666666667, 0.421875, 0.0, [ 0.125    0.65625  0.59375  0.34375  0.       0.8125 ]
0, 32, 6.8205784824, 12.0917814795, 0.666666666667, 0.429292929293, 0.0, [ 0.12121212  0.66666667  0.60606061  0.36363636  0.          0.81818182]
0, 33, 6.58716492553, 11.9298809926, 0.666666666667, 0.436274509804, 0.0, [ 0.11764706  0.67647059  0.61764706  0.38235294  0.          0.82352941]
0, 34, 5.45764047904, 11.7449598351, 0.833333333333, 0.447619047619, 0.0, [ 0.14285714  0.68571429  0.62857143  0.4         0.          0.82857143]
0, 35, 6.56674382257, 11.6011205014, 0.666666666667, 0.453703703704, 0.0, [ 0.13888889  0.69444444  0.63888889  0.41666667  0.          0.83333333]
0, 36, 6.15955869386, 11.4540512634, 0.666666666667, 0.459459459459, 0.0, [ 0.13513514  0.7027027   0.64864865  0.43243243  0.          0.83783784]
0, 37, 7.18565964394, 11.3417251681, 0.666666666667, 0.464912280702, 0.0, [ 0.13157895  0.71052632  0.65789474  0.44736842  0.          0.84210526]
0, 38, 5.01129827213, 11.1794065298, 0.833333333333, 0.474358974359, 0.0, [ 0.15384615  0.71794872  0.66666667  0.46153846  0.          0.84615385]
0, 39, 5.24998298988, 11.0311709413, 0.833333333333, 0.483333333333, 0.0, [ 0.175  0.725  0.675  0.475  0.     0.85 ]
0, 40, 5.96219789559, 10.9075374523, 0.833333333333, 0.491869918699, 0.0, [ 0.19512195  0.73170732  0.68292683  0.48780488  0.          0.85365854]
0, 41, 8.60254372481, 10.8526566493, 0.666666666667, 0.496031746032, 0.0, [ 0.19047619  0.73809524  0.69047619  0.5         0.          0.85714286]
0, 42, 7.03573603414, 10.7638910536, 0.666666666667, 0.5, 0.0, [ 0.18604651  0.74418605  0.69767442  0.51162791  0.          0.86046512]
0, 43, 5.75093620149, 10.6499602615, 0.666666666667, 0.503787878788, 0.0, [ 0.18181818  0.75        0.70454545  0.52272727  0.          0.86363636]
0, 44, 6.40459927539, 10.5556189063, 0.666666666667, 0.507407407407, 0.0, [ 0.17777778  0.75555556  0.71111111  0.53333333  0.          0.86666667]
0, 45, 6.1122290437, 10.4590234745, 0.666666666667, 0.510869565217, 0.0, [ 0.17391304  0.76086957  0.7173913   0.54347826  0.          0.86956522]
0, 46, 5.60373573755, 10.3557194801, 0.666666666667, 0.514184397163, 0.0, [ 0.17021277  0.76595745  0.72340426  0.55319149  0.          0.87234043]
0, 47, 6.29154323343, 10.2710491416, 0.666666666667, 0.517361111111, 0.0, [ 0.16666667  0.77083333  0.72916667  0.5625      0.          0.875     ]
0, 48, 4.47378644812, 10.1527376581, 0.833333333333, 0.52380952381, 0.0, [ 0.18367347  0.7755102   0.73469388  0.57142857  0.          0.87755102]
0, 49, 4.4664290882, 10.0390114867, 0.833333333333, 0.53, 0.0, [ 0.2   0.78  0.74  0.58  0.    0.88]
0, 50, 6.56975591937, 9.97098686769, 0.666666666667, 0.532679738562, 0.0, [ 0.19607843  0.78431373  0.74509804  0.58823529  0.          0.88235294]
0, 51, 4.99845966528, 9.87536134457, 0.666666666667, 0.535256410256, 0.0, [ 0.19230769  0.78846154  0.75        0.59615385  0.          0.88461538]
0, 52, 6.13484222114, 9.80478551205, 0.666666666667, 0.537735849057, 0.0, [ 0.18867925  0.79245283  0.75471698  0.60377358  0.          0.88679245]
0, 53, 4.00607362391, 9.69740195857, 0.833333333333, 0.543209876543, 0.0, [ 0.2037037   0.7962963   0.75925926  0.61111111  0.          0.88888889]
0, 54, 5.12229474592, 9.61421819107, 0.666666666667, 0.545454545455, 0.0, [ 0.2         0.8         0.76363636  0.61818182  0.          0.89090909]
0, 55, 4.9019371488, 9.53007031531, 0.666666666667, 0.547619047619, 0.0, [ 0.19642857  0.80357143  0.76785714  0.625       0.          0.89285714]
0, 56, 4.64829557077, 9.44442514435, 0.666666666667, 0.549707602339, 0.0, [ 0.19298246  0.80701754  0.77192982  0.63157895  0.          0.89473684]
0, 57, 6.18196438889, 9.38817582098, 0.666666666667, 0.551724137931, 0.0, [ 0.18965517  0.81034483  0.77586207  0.63793103  0.          0.89655172]
0, 58, 5.20025419002, 9.31719409842, 0.666666666667, 0.553672316384, 0.0, [ 0.18644068  0.81355932  0.77966102  0.6440678   0.          0.89830508]
0, 59, 4.16175369639, 9.23127009172, 0.666666666667, 0.555555555556, 0.0, [ 0.18333333  0.81666667  0.78333333  0.65        0.          0.9       ]
0, 60, 3.66787808027, 9.140066944, 0.833333333333, 0.560109289617, 0.0, [ 0.19672131  0.81967213  0.78688525  0.6557377   0.          0.90163934]
0, 61, 5.95280204732, 9.08865944566, 0.666666666667, 0.561827956989, 0.0, [ 0.19354839  0.82258065  0.79032258  0.66129032  0.          0.90322581]
0, 62, 4.13782089675, 9.01007470679, 0.666666666667, 0.563492063492, 0.0, [ 0.19047619  0.82539683  0.79365079  0.66666667  0.          0.9047619 ]
0, 63, 3.66948000714, 8.92662791461, 0.833333333333, 0.567708333333, 0.0, [ 0.203125  0.828125  0.796875  0.671875  0.        0.90625 ]
0, 64, 4.96897223853, 8.86574090421, 0.666666666667, 0.569230769231, 0.0, [ 0.2         0.83076923  0.8         0.67692308  0.          0.90769231]
0, 65, 4.71205146393, 8.80280621572, 0.666666666667, 0.570707070707, 0.0, [ 0.1969697   0.83333333  0.8030303   0.68181818  0.          0.90909091]
0, 66, 3.82669088869, 8.7285358377, 0.833333333333, 0.574626865672, 0.0, [ 0.19402985  0.8358209   0.80597015  0.68656716  0.01492537  0.91044776]
0, 67, 5.54372671345, 8.6817004094, 0.666666666667, 0.575980392157, 0.0, [ 0.19117647  0.83823529  0.80882353  0.69117647  0.01470588  0.91176471]
0, 68, 4.03813225049, 8.61440232015, 0.666666666667, 0.57729468599, 0.0, [ 0.1884058   0.84057971  0.8115942   0.69565217  0.01449275  0.91304348]
0, 69, 3.42337640351, 8.54024480705, 0.833333333333, 0.580952380952, 0.0, [ 0.2         0.84285714  0.81428571  0.7         0.01428571  0.91428571]
0, 70, 5.67034649466, 8.49982370406, 0.666666666667, 0.582159624413, 0.0, [ 0.1971831   0.84507042  0.81690141  0.70422535  0.01408451  0.91549296]
0, 71, 3.02339560986, 8.42376220275, 0.833333333333, 0.585648148148, 0.0, [ 0.20833333  0.84722222  0.81944444  0.70833333  0.01388889  0.91666667]
0, 72, 4.45479431953, 8.36939277969, 0.666666666667, 0.586757990868, 0.0, [ 0.20547945  0.84931507  0.82191781  0.71232877  0.01369863  0.91780822]
0, 73, 4.46101839692, 8.31657690966, 0.666666666667, 0.587837837838, 0.0, [ 0.2027027   0.85135135  0.82432432  0.71621622  0.01351351  0.91891892]
0, 74, 3.96122688016, 8.25850557593, 0.833333333333, 0.591111111111, 0.0, [ 0.21333333  0.85333333  0.82666667  0.72        0.01333333  0.92      ]
0, 75, 3.56500073427, 8.19674893328, 0.666666666667, 0.592105263158, 0.0, [ 0.21052632  0.85526316  0.82894737  0.72368421  0.01315789  0.92105263]
0, 76, 2.37385060369, 8.12112687705, 1.0, 0.597402597403, 0.0, [ 0.22077922  0.85714286  0.83116883  0.72727273  0.02597403  0.92207792]
0, 77, 3.32145656172, 8.05959264224, 0.833333333333, 0.600427350427, 0.0, [ 0.23076923  0.85897436  0.83333333  0.73076923  0.02564103  0.92307692]
0, 78, 4.3335854291, 8.01242799397, 0.666666666667, 0.601265822785, 0.0, [ 0.2278481   0.86075949  0.83544304  0.73417722  0.02531646  0.92405063]
0, 79, 4.34561189196, 7.96659279269, 0.666666666667, 0.602083333333, 0.0, [ 0.225   0.8625  0.8375  0.7375  0.025   0.925 ]
0, 80, 3.13488989392, 7.90694213962, 0.833333333333, 0.604938271605, 0.0, [ 0.22222222  0.86419753  0.83950617  0.74074074  0.03703704  0.92592593]
0, 81, 3.37100583991, 7.85162584328, 0.666666666667, 0.605691056911, 0.0, [ 0.2195122   0.86585366  0.84146341  0.74390244  0.03658537  0.92682927]
0, 82, 2.37174189873, 7.78560314516, 0.833333333333, 0.60843373494, 0.0, [ 0.22891566  0.86746988  0.84337349  0.74698795  0.03614458  0.92771084]
0, 83, 3.22207921086, 7.73127547927, 0.833333333333, 0.611111111111, 0.0, [ 0.23809524  0.86904762  0.8452381   0.75        0.03571429  0.92857143]
0, 84, 1.80159183008, 7.66151449516, 1.0, 0.61568627451, 0.0, [ 0.24705882  0.87058824  0.84705882  0.75294118  0.04705882  0.92941176]
0, 85, 6.30850069547, 7.64578177656, 0.666666666667, 0.616279069767, 0.0, [ 0.24418605  0.87209302  0.84883721  0.75581395  0.04651163  0.93023256]
0, 86, 3.73713763204, 7.60085483237, 0.666666666667, 0.616858237548, 0.0, [ 0.24137931  0.87356322  0.85057471  0.75862069  0.04597701  0.93103448]
0, 87, 5.04858492135, 7.5718517652, 0.666666666667, 0.617424242424, 0.0, [ 0.23863636  0.875       0.85227273  0.76136364  0.04545455  0.93181818]
0, 88, 4.14778361757, 7.53337908939, 0.833333333333, 0.619850187266, 0.0, [ 0.24719101  0.87640449  0.85393258  0.76404494  0.04494382  0.93258427]
0, 89, 4.18790201034, 7.49620712184, 0.666666666667, 0.62037037037, 0.0, [ 0.24444444  0.87777778  0.85555556  0.76666667  0.04444444  0.93333333]
0, 90, 3.19102276828, 7.44889740367, 0.833333333333, 0.622710622711, 0.0, [ 0.25274725  0.87912088  0.85714286  0.76923077  0.04395604  0.93406593]
0, 91, 4.74968880454, 7.41955817977, 0.666666666667, 0.623188405797, 0.0, [ 0.25        0.88043478  0.85869565  0.77173913  0.04347826  0.93478261]
0, 92, 3.62040974105, 7.37870712129, 0.666666666667, 0.623655913978, 0.0, [ 0.24731183  0.88172043  0.86021505  0.77419355  0.04301075  0.93548387]
0, 93, 3.72862887365, 7.33987650163, 0.833333333333, 0.625886524823, 0.0, [ 0.25531915  0.88297872  0.86170213  0.77659574  0.04255319  0.93617021]
0, 94, 2.71816281768, 7.2912268839, 0.833333333333, 0.628070175439, 0.0, [ 0.26315789  0.88421053  0.86315789  0.77894737  0.04210526  0.93684211]
0, 95, 4.88314664343, 7.26614271473, 0.666666666667, 0.628472222222, 0.0, [ 0.26041667  0.88541667  0.86458333  0.78125     0.04166667  0.9375    ]
0, 96, 3.30287089386, 7.22528424235, 0.666666666667, 0.628865979381, 0.0, [ 0.25773196  0.88659794  0.86597938  0.78350515  0.04123711  0.93814433]
0, 97, 2.98747422311, 7.18204128297, 0.833333333333, 0.630952380952, 0.0, [ 0.26530612  0.8877551   0.86734694  0.78571429  0.04081633  0.93877551]
0, 98, 3.59968026496, 7.14585581814, 0.666666666667, 0.631313131313, 0.0, [ 0.26262626  0.88888889  0.86868687  0.78787879  0.04040404  0.93939394]
0, 99, 3.02900043761, 7.10468726434, 0.833333333333, 0.633333333333, 0.0, [ 0.27  0.89  0.87  0.79  0.04  0.94]
0, 100, 3.74661362757, 7.07143901051, 0.666666666667, 0.633663366337, 0.0, [ 0.26732673  0.89108911  0.87128713  0.79207921  0.03960396  0.94059406]
0, 101, 5.20424845528, 7.05313322075, 0.666666666667, 0.633986928105, 0.0, [ 0.26470588  0.89215686  0.87254902  0.79411765  0.03921569  0.94117647]
0, 102, 3.11773947436, 7.01492551448, 0.833333333333, 0.635922330097, 0.0, [ 0.27184466  0.89320388  0.87378641  0.7961165   0.03883495  0.94174757]
0, 103, 4.53957781744, 6.99112409431, 0.666666666667, 0.636217948718, 0.0, [ 0.26923077  0.89423077  0.875       0.79807692  0.03846154  0.94230769]
0, 104, 3.09416906697, 6.95401023691, 0.833333333333, 0.638095238095, 0.0, [ 0.27619048  0.8952381   0.87619048  0.8         0.03809524  0.94285714]
0, 105, 3.25778820276, 6.91914021772, 0.833333333333, 0.639937106918, 0.0, [ 0.28301887  0.89622642  0.87735849  0.80188679  0.03773585  0.94339623]
0, 106, 3.41094676288, 6.886353363, 0.833333333333, 0.641744548287, 0.0, [ 0.28037383  0.89719626  0.87850467  0.80373832  0.04672897  0.94392523]
0, 107, 2.58012938728, 6.84648091878, 0.833333333333, 0.643518518519, 0.0, [ 0.28703704  0.89814815  0.87962963  0.80555556  0.0462963   0.94444444]
0, 108, 4.48445315708, 6.82481093932, 0.666666666667, 0.64373088685, 0.0, [ 0.28440367  0.89908257  0.88073394  0.80733945  0.04587156  0.94495413]
0, 109, 2.91368043737, 6.78925520748, 0.833333333333, 0.645454545455, 0.0, [ 0.29090909  0.9         0.88181818  0.80909091  0.04545455  0.94545455]
0, 110, 3.91134960359, 6.76332812997, 0.666666666667, 0.645645645646, 0.0, [ 0.28828829  0.9009009   0.88288288  0.81081081  0.04504505  0.94594595]
0, 111, 3.16731383568, 6.73122085948, 0.833333333333, 0.647321428571, 0.0, [ 0.29464286  0.90178571  0.88392857  0.8125      0.04464286  0.94642857]
0, 112, 4.19292989051, 6.70875810754, 0.666666666667, 0.647492625369, 0.0, [ 0.2920354   0.90265487  0.88495575  0.81415929  0.04424779  0.94690265]
0, 113, 3.85605443826, 6.68373439115, 0.833333333333, 0.649122807018, 0.0, [ 0.29824561  0.90350877  0.88596491  0.81578947  0.04385965  0.94736842]
0, 114, 2.89024409011, 6.65074751896, 0.833333333333, 0.650724637681, 0.0, [ 0.30434783  0.90434783  0.88695652  0.8173913   0.04347826  0.94782609]
0, 115, 4.17401922005, 6.62939641294, 0.666666666667, 0.650862068966, 0.0, [ 0.30172414  0.90517241  0.88793103  0.81896552  0.04310345  0.94827586]
0, 116, 3.35584281577, 6.60141732237, 0.833333333333, 0.652421652422, 0.0, [ 0.2991453   0.90598291  0.88888889  0.82051282  0.05128205  0.94871795]
0, 117, 3.24521035414, 6.57297489043, 0.666666666667, 0.652542372881, 0.0, [ 0.29661017  0.90677966  0.88983051  0.8220339   0.05084746  0.94915254]
0, 118, 3.95224600028, 6.55095195858, 0.666666666667, 0.652661064426, 0.0, [ 0.29411765  0.90756303  0.8907563   0.82352941  0.05042017  0.94957983]
0, 119, 3.71824165815, 6.52734603941, 0.833333333333, 0.654166666667, 0.0, [ 0.3         0.90833333  0.89166667  0.825       0.05        0.95      ]
0, 120, 3.20699209548, 6.49990509773, 0.666666666667, 0.654269972452, 0.0, [ 0.29752066  0.90909091  0.89256198  0.82644628  0.04958678  0.95041322]
0, 121, 3.28387775051, 6.47354421783, 0.666666666667, 0.654371584699, 0.0, [ 0.29508197  0.90983607  0.89344262  0.82786885  0.04918033  0.95081967]
0, 122, 2.41876438306, 6.44057852812, 1.0, 0.657181571816, 0.0, [ 0.30081301  0.91056911  0.89430894  0.82926829  0.05691057  0.95121951]
0, 123, 2.91931438102, 6.41218123661, 0.833333333333, 0.658602150538, 0.0, [ 0.30645161  0.91129032  0.89516129  0.83064516  0.05645161  0.9516129 ]
0, 124, 2.71131102699, 6.38257427493, 0.833333333333, 0.66, 0.0, [ 0.312  0.912  0.896  0.832  0.056  0.952]
0, 125, 3.88496298325, 6.36275196309, 0.666666666667, 0.660052910053, 0.0, [ 0.30952381  0.91269841  0.8968254   0.83333333  0.05555556  0.95238095]
0, 126, 2.99048358245, 6.33619866876, 0.833333333333, 0.661417322835, 0.0, [ 0.31496063  0.91338583  0.8976378   0.83464567  0.05511811  0.95275591]
0, 127, 2.60886437657, 6.3070788696, 0.833333333333, 0.662760416667, 0.0, [ 0.3203125  0.9140625  0.8984375  0.8359375  0.0546875  0.953125 ]
0, 128, 2.14435930542, 6.27480972569, 1.0, 0.665374677003, 0.0, [ 0.3255814   0.91472868  0.89922481  0.8372093   0.0620155   0.95348837]
0, 129, 4.17546275714, 6.25866090286, 0.666666666667, 0.665384615385, 0.0, [ 0.32307692  0.91538462  0.9         0.83846154  0.06153846  0.95384615]
0, 130, 4.05833809236, 6.24186454552, 0.666666666667, 0.665394402036, 0.0, [ 0.32061069  0.91603053  0.90076336  0.83969466  0.0610687   0.95419847]
0, 131, 2.19835791677, 6.21123191955, 0.833333333333, 0.666666666667, 0.0, [ 0.32575758  0.91666667  0.90151515  0.84090909  0.06060606  0.95454545]
0, 132, 2.88589967719, 6.18622942149, 0.833333333333, 0.667919799499, 0.0, [ 0.33082707  0.91729323  0.90225564  0.84210526  0.06015038  0.95488722]
0, 133, 3.45845769345, 6.16587291605, 0.833333333333, 0.669154228856, 0.0, [ 0.3358209   0.91791045  0.90298507  0.84328358  0.05970149  0.95522388]
0, 134, 2.64509390677, 6.13979307154, 0.833333333333, 0.67037037037, 0.0, [ 0.34074074  0.91851852  0.9037037   0.84444444  0.05925926  0.95555556]
0, 135, 2.16406264861, 6.11055975961, 1.0, 0.672794117647, 0.0, [ 0.34558824  0.91911765  0.90441176  0.84558824  0.06617647  0.95588235]
0, 136, 4.44749399213, 6.09842059342, 0.666666666667, 0.672749391727, 0.0, [ 0.34306569  0.91970803  0.90510949  0.84671533  0.06569343  0.95620438]
0, 137, 2.75843946294, 6.0742178316, 0.833333333333, 0.673913043478, 0.0, [ 0.34782609  0.92028986  0.9057971   0.84782609  0.06521739  0.95652174]
0, 138, 2.99781492713, 6.05208543661, 0.833333333333, 0.675059952038, 0.0, [ 0.34532374  0.92086331  0.90647482  0.84892086  0.07194245  0.95683453]
0, 139, 1.8642080297, 6.02217202656, 1.0, 0.677380952381, 0.0, [ 0.35        0.92142857  0.90714286  0.85        0.07857143  0.95714286]
0, 140, 3.27809814517, 6.00271050967, 0.833333333333, 0.678486997636, 0.0, [ 0.35460993  0.92198582  0.90780142  0.85106383  0.07801418  0.95744681]
0, 141, 2.55592694174, 5.97843738595, 0.833333333333, 0.679577464789, 0.0, [ 0.35915493  0.92253521  0.9084507   0.85211268  0.07746479  0.95774648]
0, 142, 2.87352280582, 5.95672469658, 0.833333333333, 0.680652680653, 0.0, [ 0.35664336  0.92307692  0.90909091  0.85314685  0.08391608  0.95804196]
0, 143, 1.95325951291, 5.92892285503, 1.0, 0.68287037037, 0.0, [ 0.36111111  0.92361111  0.90972222  0.85416667  0.09027778  0.95833333]
0, 144, 2.86954545089, 5.90782370052, 0.833333333333, 0.683908045977, 0.0, [ 0.36551724  0.92413793  0.91034483  0.85517241  0.08965517  0.95862069]
0, 145, 2.88818830748, 5.88714126632, 0.833333333333, 0.684931506849, 0.0, [ 0.36986301  0.92465753  0.9109589   0.85616438  0.0890411   0.95890411]
0, 146, 2.92400457819, 5.86698387388, 0.833333333333, 0.685941043084, 0.0, [ 0.37414966  0.92517007  0.91156463  0.85714286  0.08843537  0.95918367]
0, 147, 3.05351450015, 5.84797394568, 0.833333333333, 0.686936936937, 0.0, [ 0.37837838  0.92567568  0.91216216  0.85810811  0.08783784  0.95945946]
0, 148, 4.27329388954, 5.83740562316, 0.666666666667, 0.686800894855, 0.0, [ 0.37583893  0.9261745   0.91275168  0.8590604   0.08724832  0.95973154]
0, 149, 2.08646455076, 5.81239934934, 1.0, 0.688888888889, 0.0, [ 0.38        0.92666667  0.91333333  0.86        0.09333333  0.96      ]
0, 150, 3.29307033243, 5.79571505121, 0.833333333333, 0.689845474614, 0.0, [ 0.38410596  0.92715232  0.91390728  0.86092715  0.09271523  0.9602649 ]
0, 151, 2.29326094246, 5.77267258997, 0.833333333333, 0.690789473684, 0.0, [ 0.38815789  0.92763158  0.91447368  0.86184211  0.09210526  0.96052632]
0, 152, 2.76027343604, 5.75298370661, 0.833333333333, 0.691721132898, 0.0, [ 0.39215686  0.92810458  0.91503268  0.8627451   0.09150327  0.96078431]
0, 153, 3.78463578791, 5.74020222662, 0.666666666667, 0.691558441558, 0.0, [ 0.38961039  0.92857143  0.91558442  0.86363636  0.09090909  0.96103896]
0, 154, 2.20279041004, 5.7173802149, 0.833333333333, 0.69247311828, 0.0, [ 0.39354839  0.92903226  0.91612903  0.86451613  0.09032258  0.96129032]
0, 155, 1.69245333657, 5.69157940158, 1.0, 0.694444444444, 0.0, [ 0.3974359   0.92948718  0.91666667  0.86538462  0.09615385  0.96153846]
0, 156, 2.51373794036, 5.67133837316, 0.833333333333, 0.695329087049, 0.0, [ 0.40127389  0.92993631  0.91719745  0.86624204  0.0955414   0.96178344]
0, 157, 1.32108167182, 5.6438051029, 1.0, 0.697257383966, 0.0, [ 0.40506329  0.93037975  0.91772152  0.86708861  0.10126582  0.96202532]
0, 158, 3.01680220897, 5.62728307212, 0.833333333333, 0.698113207547, 0.0, [ 0.40880503  0.93081761  0.91823899  0.86792453  0.10062893  0.96226415]
0, 159, 2.29412889177, 5.6064508585, 0.833333333333, 0.698958333333, 0.0, [ 0.4125   0.93125  0.91875  0.86875  0.1      0.9625 ]
0, 160, 2.19117883862, 5.58523798881, 0.833333333333, 0.699792960663, 0.0, [ 0.40993789  0.93167702  0.91925466  0.86956522  0.10559006  0.96273292]
0, 161, 3.16840928569, 5.57031929311, 0.833333333333, 0.700617283951, 0.0, [ 0.41358025  0.93209877  0.91975309  0.87037037  0.10493827  0.96296296]
0, 162, 3.6821061399, 5.55873516333, 0.666666666667, 0.700408997955, 0.0, [ 0.41104294  0.93251534  0.9202454   0.87116564  0.10429448  0.96319018]
0, 163, 1.6912995547, 5.53515323889, 1.0, 0.702235772358, 0.0, [ 0.41463415  0.93292683  0.92073171  0.87195122  0.1097561   0.96341463]
0, 164, 2.27353653316, 5.51538586492, 0.833333333333, 0.70303030303, 0.0, [ 0.41818182  0.93333333  0.92121212  0.87272727  0.10909091  0.96363636]
0, 165, 2.87039741596, 5.49945219956, 0.833333333333, 0.703815261044, 0.0, [ 0.42168675  0.93373494  0.92168675  0.87349398  0.10843373  0.96385542]
0, 166, 3.27235733451, 5.48611630217, 0.666666666667, 0.703592814371, 0.0, [ 0.41916168  0.93413174  0.92215569  0.8742515   0.10778443  0.96407186]
0, 167, 2.64881585912, 5.46922760905, 0.833333333333, 0.704365079365, 0.0, [ 0.42261905  0.93452381  0.92261905  0.875       0.10714286  0.96428571]
0, 168, 2.13416759183, 5.44949352611, 1.0, 0.706114398422, 0.0, [ 0.4260355   0.93491124  0.92307692  0.87573964  0.11242604  0.96449704]
0, 169, 2.37916043854, 5.43143274324, 0.833333333333, 0.706862745098, 0.0, [ 0.42941176  0.93529412  0.92352941  0.87647059  0.11176471  0.96470588]
0, 170, 2.94962557331, 5.41691925102, 0.833333333333, 0.707602339181, 0.0, [ 0.43274854  0.93567251  0.92397661  0.87719298  0.11111111  0.96491228]
0, 171, 1.61472824112, 5.39481348934, 1.0, 0.709302325581, 0.0, [ 0.43604651  0.93604651  0.9244186   0.87790698  0.11627907  0.96511628]
0, 172, 3.00323879148, 5.38098935813, 0.833333333333, 0.710019267823, 0.0, [ 0.43930636  0.93641618  0.92485549  0.87861272  0.11560694  0.96531792]
0, 173, 2.26194286084, 5.36306380355, 0.833333333333, 0.710727969349, 0.0, [ 0.44252874  0.93678161  0.92528736  0.87931034  0.11494253  0.96551724]
0, 174, 1.97451253795, 5.34370065346, 0.833333333333, 0.711428571429, 0.0, [ 0.44571429  0.93714286  0.92571429  0.88        0.11428571  0.96571429]
0, 175, 1.96696703703, 5.32451466701, 1.0, 0.713068181818, 0.0, [ 0.44886364  0.9375      0.92613636  0.88068182  0.11931818  0.96590909]
0, 176, 3.57859117342, 5.31465069247, 0.833333333333, 0.713747645951, 0.0, [ 0.4519774   0.93785311  0.92655367  0.88135593  0.11864407  0.96610169]
0, 177, 2.80042518345, 5.30052583006, 0.833333333333, 0.714419475655, 0.0, [ 0.45505618  0.93820225  0.92696629  0.88202247  0.11797753  0.96629213]
0, 178, 2.44350414182, 5.28456481504, 0.833333333333, 0.715083798883, 0.0, [ 0.45810056  0.93854749  0.9273743   0.88268156  0.11731844  0.96648045]
0, 179, 2.56580550144, 5.26946059663, 0.833333333333, 0.715740740741, 0.0, [ 0.46111111  0.93888889  0.92777778  0.88333333  0.11666667  0.96666667]
0, 180, 2.09103286915, 5.25190022244, 0.833333333333, 0.716390423573, 0.0, [ 0.4640884   0.93922652  0.9281768   0.8839779   0.1160221   0.96685083]
0, 181, 2.07613065977, 5.23445093913, 0.833333333333, 0.717032967033, 0.0, [ 0.46703297  0.93956044  0.92857143  0.88461538  0.11538462  0.96703297]
0, 182, 2.42351779292, 5.21909064872, 0.833333333333, 0.71766848816, 0.0, [ 0.46994536  0.93989071  0.92896175  0.8852459   0.1147541   0.96721311]
0, 183, 1.77052324596, 5.20034843457, 1.0, 0.719202898551, 0.0, [ 0.47282609  0.94021739  0.92934783  0.88586957  0.11956522  0.9673913 ]
0, 184, 1.57902112322, 5.18077369235, 1.0, 0.720720720721, 0.0, [ 0.47567568  0.94054054  0.92972973  0.88648649  0.12432432  0.96756757]
0, 185, 2.82039406542, 5.1680834793, 0.833333333333, 0.721326164875, 0.0, [ 0.47849462  0.94086022  0.93010753  0.88709677  0.12365591  0.96774194]
0, 186, 2.53452776777, 5.15400029368, 0.833333333333, 0.72192513369, 0.0, [ 0.48128342  0.94117647  0.93048128  0.88770053  0.12299465  0.96791444]
0, 187, 2.67943156453, 5.14083769405, 0.833333333333, 0.722517730496, 0.0, [ 0.48404255  0.94148936  0.93085106  0.88829787  0.12234043  0.96808511]
0, 188, 1.99451568997, 5.12419048768, 0.833333333333, 0.723104056437, 0.0, [ 0.48677249  0.94179894  0.93121693  0.88888889  0.12169312  0.96825397]
0, 189, 1.71619590838, 5.10625367411, 0.833333333333, 0.723684210526, 0.0, [ 0.48947368  0.94210526  0.93157895  0.88947368  0.12105263  0.96842105]
0, 190, 1.79614263672, 5.08892324983, 0.833333333333, 0.724258289703, 0.0, [ 0.4921466   0.94240838  0.93193717  0.89005236  0.12041885  0.96858639]
0, 191, 2.54426140238, 5.07566980271, 0.833333333333, 0.724826388889, 0.0, [ 0.49479167  0.94270833  0.93229167  0.890625    0.11979167  0.96875   ]
0, 192, 2.67568521629, 5.06323464941, 0.833333333333, 0.725388601036, 0.0, [ 0.49740933  0.94300518  0.93264249  0.89119171  0.11917098  0.96891192]
0, 193, 2.0478068535, 5.04769120716, 0.833333333333, 0.725945017182, 0.0, [ 0.5         0.94329897  0.93298969  0.89175258  0.1185567   0.96907216]
0, 194, 2.06903611977, 5.03241605287, 0.833333333333, 0.726495726496, 0.0, [ 0.5025641   0.94358974  0.93333333  0.89230769  0.11794872  0.96923077]
0, 195, 2.67545221472, 5.02039072716, 0.833333333333, 0.727040816327, 0.0, [ 0.50510204  0.94387755  0.93367347  0.89285714  0.11734694  0.96938776]
0, 196, 1.93372386749, 5.00472236747, 0.833333333333, 0.72758037225, 0.0, [ 0.50761421  0.94416244  0.93401015  0.89340102  0.11675127  0.96954315]
0, 197, 2.58040065079, 4.99247831839, 0.833333333333, 0.728114478114, 0.0, [ 0.51010101  0.94444444  0.93434343  0.89393939  0.11616162  0.96969697]
0, 198, 2.51773946265, 4.98004244475, 0.833333333333, 0.72864321608, 0.0, [ 0.51256281  0.94472362  0.93467337  0.89447236  0.11557789  0.96984925]
0, 199, 2.16586920729, 4.96597157856, 0.833333333333, 0.729166666667, 0.0, [ 0.515  0.945  0.935  0.895  0.115  0.97 ]
0, 200, 1.75580768642, 4.95000061392, 1.0, 0.730514096186, 0.0, [ 0.51741294  0.94527363  0.93532338  0.89552239  0.11940299  0.97014925]
0, 201, 1.92019663233, 4.93500158431, 0.833333333333, 0.73102310231, 0.0, [ 0.51980198  0.94554455  0.93564356  0.8960396   0.11881188  0.97029703]
0, 202, 1.710925132, 4.9191194343, 0.833333333333, 0.731527093596, 0.0, [ 0.52216749  0.94581281  0.93596059  0.89655172  0.1182266   0.97044335]
0, 203, 2.8043359581, 4.90875284863, 0.833333333333, 0.732026143791, 0.0, [ 0.5245098   0.94607843  0.93627451  0.89705882  0.11764706  0.97058824]
0, 204, 1.62717550361, 4.89274515427, 1.0, 0.733333333333, 0.0, [ 0.52682927  0.94634146  0.93658537  0.89756098  0.12195122  0.97073171]
0, 205, 2.81865957359, 4.88267677766, 0.833333333333, 0.733818770227, 0.0, [ 0.52912621  0.94660194  0.9368932   0.89805825  0.12135922  0.97087379]
0, 206, 2.42575527557, 4.87080759166, 0.833333333333, 0.734299516908, 0.0, [ 0.53140097  0.9468599   0.93719807  0.89855072  0.12077295  0.97101449]
0, 207, 2.46005898115, 4.85921745411, 0.833333333333, 0.734775641026, 0.0, [ 0.53365385  0.94711538  0.9375      0.89903846  0.12019231  0.97115385]
0, 208, 2.08664236356, 4.84595154458, 0.833333333333, 0.735247208931, 0.0, [ 0.53588517  0.94736842  0.93779904  0.89952153  0.11961722  0.97129187]
0, 209, 2.12906305101, 4.83301398033, 0.833333333333, 0.735714285714, 0.0, [ 0.53809524  0.94761905  0.93809524  0.9         0.11904762  0.97142857]
0, 210, 2.20081328618, 4.82053909552, 0.833333333333, 0.736176935229, 0.0, [ 0.54028436  0.9478673   0.93838863  0.90047393  0.11848341  0.97156398]
0, 211, 2.79308954769, 4.81097565426, 0.833333333333, 0.736635220126, 0.0, [ 0.54245283  0.94811321  0.93867925  0.9009434   0.11792453  0.97169811]
0, 212, 2.41670170876, 4.79973493151, 0.833333333333, 0.737089201878, 0.0, [ 0.54460094  0.94835681  0.93896714  0.90140845  0.11737089  0.97183099]
0, 213, 2.00163973644, 4.78665972032, 0.833333333333, 0.73753894081, 0.0, [ 0.54672897  0.94859813  0.93925234  0.90186916  0.11682243  0.97196262]
0, 214, 2.08744972578, 4.77410525523, 0.833333333333, 0.737984496124, 0.0, [ 0.54883721  0.94883721  0.93953488  0.90232558  0.11627907  0.97209302]
0, 215, 1.62165399061, 4.75951057345, 1.0, 0.739197530864, 0.0, [ 0.55092593  0.94907407  0.93981481  0.90277778  0.12037037  0.97222222]
0, 216, 2.22965277121, 4.74785224256, 0.833333333333, 0.739631336406, 0.0, [ 0.55299539  0.94930876  0.94009217  0.90322581  0.11981567  0.97235023]
0, 217, 2.67569798369, 4.7383469478, 0.833333333333, 0.74006116208, 0.0, [ 0.55504587  0.94954128  0.94036697  0.90366972  0.11926606  0.97247706]
0, 218, 2.24700352089, 4.72697095041, 0.833333333333, 0.740487062405, 0.0, [ 0.55707763  0.94977169  0.94063927  0.90410959  0.11872146  0.97260274]
0, 219, 1.87042328776, 4.71398664286, 0.833333333333, 0.740909090909, 0.0, [ 0.55909091  0.95        0.94090909  0.90454545  0.11818182  0.97272727]
0, 220, 1.97567779984, 4.7015961051, 0.833333333333, 0.741327300151, 0.0, [ 0.56108597  0.95022624  0.94117647  0.90497738  0.11764706  0.97285068]
0, 221, 2.43068716652, 4.69136678556, 0.833333333333, 0.741741741742, 0.0, [ 0.56306306  0.95045045  0.94144144  0.90540541  0.11711712  0.97297297]
0, 222, 1.91211640331, 4.67890377936, 0.833333333333, 0.742152466368, 0.0, [ 0.56502242  0.95067265  0.94170404  0.9058296   0.11659193  0.97309417]
0, 223, 2.53245131467, 4.66932140229, 0.833333333333, 0.74255952381, 0.0, [ 0.56696429  0.95089286  0.94196429  0.90625     0.11607143  0.97321429]
0, 224, 1.44719815385, 4.65500085452, 1.0, 0.743703703704, 0.0, [ 0.56888889  0.95111111  0.94222222  0.90666667  0.12        0.97333333]
0, 225, 1.40597647418, 4.64062464045, 1.0, 0.744837758112, 0.0, [ 0.57079646  0.95132743  0.94247788  0.90707965  0.12389381  0.97345133]
0, 226, 2.48693160526, 4.63113700593, 0.833333333333, 0.745227606461, 0.0, [ 0.57268722  0.95154185  0.94273128  0.90748899  0.12334802  0.97356828]
0, 227, 2.511087851, 4.62183854472, 0.833333333333, 0.745614035088, 0.0, [ 0.5745614   0.95175439  0.94298246  0.90789474  0.12280702  0.97368421]
0, 228, 2.24806256047, 4.61147271073, 0.833333333333, 0.745997088792, 0.0, [ 0.57641921  0.95196507  0.94323144  0.90829694  0.12227074  0.97379913]
0, 229, 2.2551522224, 4.60122783904, 0.833333333333, 0.746376811594, 0.0, [ 0.57826087  0.95217391  0.94347826  0.90869565  0.12173913  0.97391304]
0, 230, 2.06032629906, 4.59022826528, 0.833333333333, 0.746753246753, 0.0, [ 0.58008658  0.95238095  0.94372294  0.90909091  0.12121212  0.97402597]
0, 231, 1.584871467, 4.57727414115, 1.0, 0.747844827586, 0.0, [ 0.58189655  0.95258621  0.94396552  0.90948276  0.125       0.97413793]
0, 232, 1.99413730645, 4.56618771696, 0.833333333333, 0.748211731044, 0.0, [ 0.58369099  0.9527897   0.94420601  0.90987124  0.12446352  0.97424893]
0, 233, 2.34659844238, 4.55670229271, 0.833333333333, 0.748575498575, 0.0, [ 0.58547009  0.95299145  0.94444444  0.91025641  0.12393162  0.97435897]
0, 234, 1.5723709387, 4.54400301035, 1.0, 0.749645390071, 0.0, [ 0.58723404  0.95319149  0.94468085  0.9106383   0.12765957  0.97446809]
0, 235, 1.93446877647, 4.53294566191, 0.833333333333, 0.75, 0.0, [ 0.58898305  0.95338983  0.94491525  0.91101695  0.12711864  0.97457627]
0, 236, 2.16880376693, 4.52297037965, 0.833333333333, 0.75035161744, 0.0, [ 0.5907173   0.9535865   0.94514768  0.91139241  0.12658228  0.97468354]
0, 237, 1.73658828129, 4.51126289184, 0.833333333333, 0.750700280112, 0.0, [ 0.59243697  0.95378151  0.94537815  0.91176471  0.12605042  0.97478992]
0, 238, 1.57875020516, 4.49899296428, 0.833333333333, 0.751046025105, 0.0, [ 0.59414226  0.9539749   0.94560669  0.91213389  0.12552301  0.9748954 ]
0, 239, 2.48098921072, 4.49058461531, 0.833333333333, 0.751388888889, 0.0, [ 0.59583333  0.95416667  0.94583333  0.9125      0.125       0.975     ]
0, 240, 2.28877542043, 4.48144847757, 0.833333333333, 0.751728907331, 0.0, [ 0.59751037  0.95435685  0.94605809  0.91286307  0.12448133  0.97510373]
0, 241, 2.00194026221, 4.47120257585, 0.833333333333, 0.752066115702, 0.0, [ 0.59917355  0.95454545  0.94628099  0.91322314  0.12396694  0.97520661]
0, 242, 2.26462520593, 4.46212201055, 0.833333333333, 0.752400548697, 0.0, [ 0.60082305  0.95473251  0.94650206  0.91358025  0.12345679  0.97530864]
0, 243, 1.96737409279, 4.45189763383, 0.833333333333, 0.752732240437, 0.0, [ 0.60245902  0.95491803  0.94672131  0.91393443  0.12295082  0.97540984]
0, 244, 2.75162731036, 4.44495775496, 0.833333333333, 0.75306122449, 0.0, [ 0.60408163  0.95510204  0.94693878  0.91428571  0.12244898  0.9755102 ]
0, 245, 1.84927756951, 4.43440620949, 0.833333333333, 0.753387533875, 0.0, [ 0.60569106  0.95528455  0.94715447  0.91463415  0.12195122  0.97560976]
0, 246, 1.90287381968, 4.42415709051, 0.833333333333, 0.75371120108, 0.0, [ 0.60728745  0.95546559  0.94736842  0.91497976  0.12145749  0.9757085 ]
0, 247, 2.53617541712, 4.41654426118, 0.833333333333, 0.754032258065, 0.0, [ 0.60887097  0.95564516  0.94758065  0.91532258  0.12096774  0.97580645]
0, 248, 1.62094541172, 4.40531695656, 1.0, 0.755020080321, 0.0, [ 0.61044177  0.95582329  0.94779116  0.91566265  0.12449799  0.97590361]
0, 249, 2.28394150424, 4.39683145475, 0.833333333333, 0.755333333333, 0.0, [ 0.612  0.956  0.948  0.916  0.124  0.976]
0, 250, 2.1741820772, 4.38797627795, 0.833333333333, 0.755644090305, 0.0, [ 0.61354582  0.9561753   0.94820717  0.91633466  0.12350598  0.97609562]
0, 251, 1.47647948838, 4.37642271926, 1.0, 0.756613756614, 0.0, [ 0.61507937  0.95634921  0.9484127   0.91666667  0.12698413  0.97619048]
0, 252, 1.90326537697, 4.3666473938, 0.833333333333, 0.756916996047, 0.0, [ 0.61660079  0.95652174  0.9486166   0.91699605  0.12648221  0.97628458]
0, 253, 2.55891777343, 4.35953034805, 0.833333333333, 0.757217847769, 0.0, [ 0.61811024  0.95669291  0.9488189   0.91732283  0.12598425  0.97637795]
0, 254, 2.22309434696, 4.35115216765, 0.833333333333, 0.757516339869, 0.0, [ 0.61960784  0.95686275  0.94901961  0.91764706  0.1254902   0.97647059]
0, 255, 2.26606456653, 4.34300729421, 0.833333333333, 0.7578125, 0.0, [ 0.62109375  0.95703125  0.94921875  0.91796875  0.125       0.9765625 ]
0, 256, 1.97420061274, 4.33379014759, 0.833333333333, 0.758106355383, 0.0, [ 0.62256809  0.95719844  0.94941634  0.91828794  0.12451362  0.9766537 ]
0, 257, 1.70838640405, 4.32361416409, 1.0, 0.759043927649, 0.0, [ 0.62403101  0.95736434  0.9496124   0.91860465  0.12790698  0.97674419]
0, 258, 2.41832477818, 4.31625783441, 0.833333333333, 0.759330759331, 0.0, [ 0.62548263  0.95752896  0.94980695  0.91891892  0.12741313  0.97683398]
0, 259, 1.91204228835, 4.30701085154, 0.833333333333, 0.759615384615, 0.0, [ 0.62692308  0.95769231  0.95        0.91923077  0.12692308  0.97692308]
0, 260, 1.99032042972, 4.29813464303, 0.833333333333, 0.759897828863, 0.0, [ 0.62835249  0.95785441  0.95019157  0.91954023  0.12643678  0.97701149]
0, 261, 2.6807696315, 4.29196149413, 0.833333333333, 0.760178117048, 0.0, [ 0.62977099  0.95801527  0.95038168  0.91984733  0.1259542   0.97709924]
0, 262, 1.99549813182, 4.28322969427, 0.833333333333, 0.760456273764, 0.0, [ 0.63117871  0.9581749   0.95057034  0.92015209  0.12547529  0.97718631]
0, 263, 2.47525452163, 4.27638130347, 0.833333333333, 0.760732323232, 0.0, [ 0.63257576  0.95833333  0.95075758  0.92045455  0.125       0.97727273]
0, 264, 1.75566433979, 4.26686916398, 0.833333333333, 0.761006289308, 0.0, [ 0.63396226  0.95849057  0.9509434   0.92075472  0.1245283   0.97735849]
0, 265, 1.88296078967, 4.25790710242, 0.833333333333, 0.761278195489, 0.0, [ 0.63533835  0.95864662  0.95112782  0.92105263  0.12406015  0.97744361]
0, 266, 1.92407810948, 4.24916616987, 0.833333333333, 0.761548064919, 0.0, [ 0.63670412  0.9588015   0.95131086  0.92134831  0.12359551  0.97752809]
0, 267, 2.36193593963, 4.24212426602, 0.833333333333, 0.761815920398, 0.0, [ 0.6380597   0.95895522  0.95149254  0.92164179  0.12313433  0.97761194]
0, 268, 1.71594198685, 4.23273325383, 1.0, 0.762701363073, 0.0, [ 0.6394052   0.95910781  0.95167286  0.92193309  0.12639405  0.97769517]
0, 269, 1.5892913346, 4.2229427282, 1.0, 0.763580246914, 0.0, [ 0.64074074  0.95925926  0.95185185  0.92222222  0.12962963  0.97777778]
0, 270, 1.7571981317, 4.21384403966, 0.833333333333, 0.763837638376, 0.0, [ 0.64206642  0.95940959  0.95202952  0.92250923  0.12915129  0.97785978]
0, 271, 1.95010795038, 4.20552148051, 0.833333333333, 0.764093137255, 0.0, [ 0.64338235  0.95955882  0.95220588  0.92279412  0.12867647  0.97794118]
0, 272, 2.06160573419, 4.19766830927, 0.833333333333, 0.764346764347, 0.0, [ 0.64468864  0.95970696  0.95238095  0.92307692  0.12820513  0.97802198]
0, 273, 1.78079743982, 4.18884761267, 0.833333333333, 0.764598540146, 0.0, [ 0.6459854   0.95985401  0.95255474  0.92335766  0.12773723  0.97810219]
0, 274, 2.03291689311, 4.1810078646, 0.833333333333, 0.764848484848, 0.0, [ 0.64727273  0.96        0.95272727  0.92363636  0.12727273  0.97818182]
0, 275, 2.3815314773, 4.17448802262, 0.833333333333, 0.765096618357, 0.0, [ 0.64855072  0.96014493  0.95289855  0.92391304  0.12681159  0.97826087]
0, 276, 1.75920269823, 4.16576858101, 0.833333333333, 0.765342960289, 0.0, [ 0.64981949  0.96028881  0.95306859  0.92418773  0.12635379  0.97833935]
0, 277, 1.75781666165, 4.15710688346, 0.833333333333, 0.765587529976, 0.0, [ 0.65107914  0.96043165  0.95323741  0.92446043  0.12589928  0.97841727]
0, 278, 1.7481666803, 4.14847268918, 0.833333333333, 0.765830346476, 0.0, [ 0.65232975  0.96057348  0.95340502  0.92473118  0.12544803  0.97849462]
0, 279, 1.82924927421, 4.14018974842, 0.833333333333, 0.766071428571, 0.0, [ 0.65357143  0.96071429  0.95357143  0.925       0.125       0.97857143]
0, 280, 1.64169812626, 4.13129831915, 0.833333333333, 0.766310794781, 0.0, [ 0.65480427  0.96085409  0.95373665  0.9252669   0.12455516  0.97864769]
0, 281, 1.92078786823, 4.12345962961, 0.833333333333, 0.766548463357, 0.0, [ 0.65602837  0.96099291  0.95390071  0.92553191  0.12411348  0.9787234 ]
0, 282, 2.04304338734, 4.11610833547, 0.833333333333, 0.766784452297, 0.0, [ 0.65724382  0.96113074  0.9540636   0.92579505  0.12367491  0.97879859]
0, 283, 1.32039728473, 4.10626428247, 1.0, 0.767605633803, 0.0, [ 0.6584507   0.96126761  0.95422535  0.92605634  0.12676056  0.97887324]
0, 284, 1.5267278366, 4.0972132774, 1.0, 0.768421052632, 0.0, [ 0.65964912  0.96140351  0.95438596  0.92631579  0.12982456  0.97894737]
0, 285, 2.80384050101, 4.09269099497, 0.833333333333, 0.768648018648, 0.0, [ 0.66083916  0.96153846  0.95454545  0.92657343  0.12937063  0.97902098]
0, 286, 1.87736792406, 4.08497209925, 0.833333333333, 0.76887340302, 0.0, [ 0.66202091  0.96167247  0.95470383  0.92682927  0.12891986  0.97909408]
0, 287, 1.51313216609, 4.07604209948, 0.833333333333, 0.769097222222, 0.0, [ 0.66319444  0.96180556  0.95486111  0.92708333  0.12847222  0.97916667]
0, 288, 2.3869294617, 4.07019741907, 0.833333333333, 0.769319492503, 0.0, [ 0.66435986  0.96193772  0.9550173   0.92733564  0.12802768  0.97923875]
0, 289, 2.55073913568, 4.06495790775, 0.833333333333, 0.769540229885, 0.0, [ 0.66551724  0.96206897  0.95517241  0.92758621  0.12758621  0.97931034]
0, 290, 1.5915598268, 4.05645825799, 0.833333333333, 0.769759450172, 0.0, [ 0.66666667  0.96219931  0.95532646  0.92783505  0.12714777  0.97938144]
0, 291, 1.81995989289, 4.04879901701, 0.833333333333, 0.76997716895, 0.0, [ 0.66780822  0.96232877  0.95547945  0.92808219  0.12671233  0.97945205]
0, 292, 2.25375134018, 4.04267257443, 0.833333333333, 0.770193401593, 0.0, [ 0.66894198  0.96245734  0.9556314   0.92832765  0.12627986  0.97952218]
0, 293, 1.70282969016, 4.03471392516, 0.833333333333, 0.770408163265, 0.0, [ 0.67006803  0.96258503  0.95578231  0.92857143  0.12585034  0.97959184]
0, 294, 1.43321002594, 4.02589526788, 1.0, 0.771186440678, 0.0, [ 0.67118644  0.96271186  0.9559322   0.92881356  0.12881356  0.97966102]
0, 295, 2.22282873336, 4.01980382688, 0.833333333333, 0.771396396396, 0.0, [ 0.6722973   0.96283784  0.95608108  0.92905405  0.12837838  0.97972973]
0, 296, 1.8345411985, 4.01244604026, 0.833333333333, 0.771604938272, 0.0, [ 0.67340067  0.96296296  0.95622896  0.92929293  0.12794613  0.97979798]
0, 297, 1.56134488122, 4.00422086858, 0.833333333333, 0.771812080537, 0.0, [ 0.67449664  0.96308725  0.95637584  0.9295302   0.12751678  0.97986577]
0, 298, 2.42347940367, 3.99893410783, 0.833333333333, 0.772017837235, 0.0, [ 0.67558528  0.9632107   0.95652174  0.92976589  0.1270903   0.97993311]
0, 299, 1.74508843771, 3.99142128893, 0.833333333333, 0.772222222222, 0.0, [ 0.67666667  0.96333333  0.95666667  0.93        0.12666667  0.98      ]
0, 300, 1.3607193496, 3.98268141538, 1.0, 0.772978959025, 0.0, [ 0.67774086  0.96345515  0.95681063  0.93023256  0.12956811  0.98006645]
0, 301, 2.40155381643, 3.97744589352, 0.833333333333, 0.773178807947, 0.0, [ 0.67880795  0.96357616  0.95695364  0.93046358  0.12913907  0.98013245]
0, 302, 2.15372856614, 3.97142702446, 0.833333333333, 0.773377337734, 0.0, [ 0.67986799  0.96369637  0.95709571  0.93069307  0.12871287  0.98019802]
0, 303, 2.41677971934, 3.96631305306, 0.833333333333, 0.773574561404, 0.0, [ 0.68092105  0.96381579  0.95723684  0.93092105  0.12828947  0.98026316]
0, 304, 1.71583209377, 3.95893442696, 0.833333333333, 0.773770491803, 0.0, [ 0.68196721  0.96393443  0.95737705  0.93114754  0.12786885  0.98032787]
0, 305, 1.94478245956, 3.95235223099, 0.833333333333, 0.773965141612, 0.0, [ 0.68300654  0.96405229  0.95751634  0.93137255  0.12745098  0.98039216]
0, 306, 1.80929152482, 3.94537157722, 0.833333333333, 0.774158523344, 0.0, [ 0.68403909  0.96416938  0.95765472  0.93159609  0.12703583  0.98045603]
0, 307, 1.87444449075, 3.93864778798, 0.833333333333, 0.774350649351, 0.0, [ 0.68506494  0.96428571  0.95779221  0.93181818  0.12662338  0.98051948]
0, 308, 2.83228913026, 3.93506733925, 0.833333333333, 0.774541531823, 0.0, [ 0.68608414  0.96440129  0.9579288   0.93203883  0.12621359  0.98058252]
0, 309, 2.489134914, 3.93040304111, 0.833333333333, 0.774731182796, 0.0, [ 0.68709677  0.96451613  0.95806452  0.93225806  0.12580645  0.98064516]
0, 310, 1.85855291474, 3.92374114359, 0.833333333333, 0.774919614148, 0.0, [ 0.68810289  0.96463023  0.95819936  0.93247588  0.12540193  0.9807074 ]
0, 311, 2.61211236062, 3.91953720519, 0.833333333333, 0.775106837607, 0.0, [ 0.68910256  0.96474359  0.95833333  0.93269231  0.125       0.98076923]
0, 312, 1.81003846891, 3.91279759261, 0.833333333333, 0.77529286475, 0.0, [ 0.69009585  0.96485623  0.95846645  0.93290735  0.12460064  0.98083067]
0, 313, 1.72103548826, 3.90581745852, 0.833333333333, 0.775477707006, 0.0, [ 0.6910828   0.96496815  0.95859873  0.93312102  0.12420382  0.98089172]
0, 314, 1.96827497705, 3.89966653001, 0.833333333333, 0.775661375661, 0.0, [ 0.69206349  0.96507937  0.95873016  0.93333333  0.12380952  0.98095238]
0, 315, 1.79478917257, 3.89300552571, 0.833333333333, 0.775843881857, 0.0, [ 0.69303797  0.96518987  0.95886076  0.9335443   0.12341772  0.98101266]
0, 316, 2.34670027637, 3.88812759117, 0.833333333333, 0.776025236593, 0.0, [ 0.69400631  0.96529968  0.95899054  0.93375394  0.12302839  0.98107256]
0, 317, 1.98061045315, 3.88212910961, 0.833333333333, 0.776205450734, 0.0, [ 0.69496855  0.96540881  0.9591195   0.93396226  0.12264151  0.98113208]
0, 318, 1.56426048892, 3.87486306377, 1.0, 0.776907001045, 0.0, [ 0.69592476  0.96551724  0.95924765  0.93416928  0.12539185  0.98119122]
0, 319, 2.68014300112, 3.87112956358, 0.833333333333, 0.777083333333, 0.0, [ 0.696875  0.965625  0.959375  0.934375  0.125     0.98125 ]
0, 320, 1.99647509538, 3.86528951851, 0.833333333333, 0.777258566978, 0.0, [ 0.69781931  0.96573209  0.95950156  0.93457944  0.12461059  0.98130841]
0, 321, 2.33832465193, 3.86054739159, 0.833333333333, 0.777432712215, 0.0, [ 0.69875776  0.96583851  0.95962733  0.93478261  0.1242236   0.98136646]
0, 322, 2.12113168647, 3.85516220365, 0.833333333333, 0.777605779154, 0.0, [ 0.6996904   0.96594427  0.95975232  0.93498452  0.12383901  0.98142415]
0, 323, 1.83829623073, 3.84893730867, 0.833333333333, 0.777777777778, 0.0, [ 0.70061728  0.96604938  0.95987654  0.93518519  0.12345679  0.98148148]
0, 324, 1.97365454304, 3.84316720785, 0.833333333333, 0.777948717949, 0.0, [ 0.70153846  0.96615385  0.96        0.93538462  0.12307692  0.98153846]
0, 325, 2.03142690359, 3.83760972226, 0.833333333333, 0.778118609407, 0.0, [ 0.70245399  0.96625767  0.9601227   0.93558282  0.12269939  0.98159509]
0, 326, 2.1162970525, 3.83234576914, 0.833333333333, 0.778287461774, 0.0, [ 0.70336391  0.96636086  0.96024465  0.93577982  0.12232416  0.98165138]
0, 327, 1.83139380664, 3.82624530584, 0.833333333333, 0.778455284553, 0.0, [ 0.70426829  0.96646341  0.96036585  0.93597561  0.12195122  0.98170732]
0, 328, 1.48764190733, 3.81913708882, 1.0, 0.779128672746, 0.0, [ 0.70516717  0.96656535  0.96048632  0.93617021  0.12462006  0.98176292]
0, 329, 1.96950629204, 3.81353214701, 0.833333333333, 0.779292929293, 0.0, [ 0.70606061  0.96666667  0.96060606  0.93636364  0.12424242  0.98181818]
0, 330, 1.84063576563, 3.80757173498, 0.833333333333, 0.779456193353, 0.0, [ 0.70694864  0.96676737  0.96072508  0.93655589  0.12386707  0.98187311]
0, 331, 2.23038405022, 3.80282116967, 0.833333333333, 0.779618473896, 0.0, [ 0.70783133  0.96686747  0.96084337  0.93674699  0.12349398  0.98192771]
0, 332, 2.27059730894, 3.79821989681, 0.833333333333, 0.77977977978, 0.0, [ 0.70870871  0.96696697  0.96096096  0.93693694  0.12312312  0.98198198]
0, 333, 1.90352199149, 3.79254714859, 0.833333333333, 0.77994011976, 0.0, [ 0.70958084  0.96706587  0.96107784  0.93712575  0.12275449  0.98203593]
0, 334, 2.40746954549, 3.78841258859, 0.833333333333, 0.780099502488, 0.0, [ 0.71044776  0.96716418  0.96119403  0.93731343  0.12238806  0.98208955]
0, 335, 2.12861064611, 3.78347270185, 0.833333333333, 0.780257936508, 0.0, [ 0.71130952  0.9672619   0.96130952  0.9375      0.12202381  0.98214286]
0, 336, 1.7172451092, 3.7773414627, 0.833333333333, 0.780415430267, 0.0, [ 0.71216617  0.96735905  0.96142433  0.93768546  0.12166172  0.98219585]
0, 337, 1.97026075497, 3.77199507008, 0.833333333333, 0.78057199211, 0.0, [ 0.71301775  0.96745562  0.96153846  0.93786982  0.12130178  0.98224852]
0, 338, 1.62518730954, 3.76566230382, 1.0, 0.78121927237, 0.0, [ 0.71386431  0.96755162  0.96165192  0.9380531   0.12389381  0.98230088]
0, 339, 1.95698820193, 3.76034267411, 0.833333333333, 0.78137254902, 0.0, [ 0.71470588  0.96764706  0.96176471  0.93823529  0.12352941  0.98235294]
0, 340, 2.30381152901, 3.75607132178, 0.833333333333, 0.781524926686, 0.0, [ 0.71554252  0.96774194  0.96187683  0.93841642  0.12316716  0.98240469]
0, 341, 1.81024103072, 3.75038175953, 0.833333333333, 0.781676413255, 0.0, [ 0.71637427  0.96783626  0.9619883   0.93859649  0.12280702  0.98245614]
0, 342, 2.14000992156, 3.7456867979, 0.833333333333, 0.781827016521, 0.0, [ 0.71720117  0.96793003  0.96209913  0.93877551  0.12244898  0.98250729]
0, 343, 1.78442845879, 3.73998546552, 0.833333333333, 0.781976744186, 0.0, [ 0.71802326  0.96802326  0.9622093   0.93895349  0.12209302  0.98255814]
0, 344, 1.95646064941, 3.73481582837, 0.833333333333, 0.782125603865, 0.0, [ 0.71884058  0.96811594  0.96231884  0.93913043  0.12173913  0.9826087 ]
0, 345, 1.67103433329, 3.72885114197, 0.833333333333, 0.782273603083, 0.0, [ 0.71965318  0.96820809  0.96242775  0.93930636  0.12138728  0.98265896]
0, 346, 2.05045740625, 3.72401427241, 0.833333333333, 0.78242074928, 0.0, [ 0.7204611   0.96829971  0.96253602  0.93948127  0.12103746  0.98270893]
0, 347, 1.61521207959, 3.717954496, 0.833333333333, 0.782567049808, 0.0, [ 0.72126437  0.9683908   0.96264368  0.93965517  0.12068966  0.98275862]
0, 348, 2.16827998286, 3.71351416788, 0.833333333333, 0.782712511939, 0.0, [ 0.72206304  0.96848138  0.96275072  0.93982808  0.12034384  0.98280802]
0, 349, 2.35468710282, 3.70963180483, 0.833333333333, 0.782857142857, 0.0, [ 0.72285714  0.96857143  0.96285714  0.94        0.12        0.98285714]
0, 350, 1.50792941421, 3.70335914845, 1.0, 0.783475783476, 0.0, [ 0.72364672  0.96866097  0.96296296  0.94017094  0.12250712  0.98290598]
0, 351, 1.77685598757, 3.69788612811, 0.833333333333, 0.783617424242, 0.0, [ 0.72443182  0.96875     0.96306818  0.94034091  0.12215909  0.98295455]
0, 352, 1.35393534014, 3.69124604089, 1.0, 0.784230406043, 0.0, [ 0.72521246  0.96883853  0.9631728   0.94050992  0.12464589  0.98300283]
0, 353, 2.16746599518, 3.68694157748, 0.833333333333, 0.784369114878, 0.0, [ 0.7259887   0.96892655  0.96327684  0.94067797  0.12429379  0.98305085]
0, 354, 1.89779584323, 3.68190173035, 0.833333333333, 0.784507042254, 0.0, [ 0.72676056  0.96901408  0.96338028  0.94084507  0.12394366  0.98309859]
0, 355, 1.39116665799, 3.67546708127, 1.0, 0.785112359551, 0.0, [ 0.72752809  0.96910112  0.96348315  0.94101124  0.12640449  0.98314607]
0, 356, 2.37989005312, 3.67183801396, 0.833333333333, 0.785247432306, 0.0, [ 0.72829132  0.96918768  0.96358543  0.94117647  0.12605042  0.98319328]
0, 357, 1.80833447147, 3.6666326968, 0.833333333333, 0.785381750466, 0.0, [ 0.72905028  0.96927374  0.96368715  0.94134078  0.12569832  0.98324022]
0, 358, 1.560077626, 3.66076485538, 0.833333333333, 0.785515320334, 0.0, [ 0.72980501  0.96935933  0.9637883   0.94150418  0.12534819  0.98328691]
0, 359, 1.49366910276, 3.65474514496, 0.833333333333, 0.785648148148, 0.0, [ 0.73055556  0.96944444  0.96388889  0.94166667  0.125       0.98333333]
0, 360, 2.53433153551, 3.65164150615, 0.833333333333, 0.785780240074, 0.0, [ 0.73130194  0.96952909  0.96398892  0.94182825  0.12465374  0.9833795 ]
0, 361, 2.43342784607, 3.64827627504, 0.833333333333, 0.78591160221, 0.0, [ 0.7320442   0.96961326  0.9640884   0.94198895  0.12430939  0.98342541]
0, 362, 1.27800693748, 3.64174660745, 1.0, 0.78650137741, 0.0, [ 0.73278237  0.96969697  0.96418733  0.94214876  0.12672176  0.98347107]
0, 363, 2.21586520825, 3.63782935085, 0.833333333333, 0.78663003663, 0.0, [ 0.73351648  0.96978022  0.96428571  0.94230769  0.12637363  0.98351648]
0, 364, 2.10012044996, 3.63361644976, 0.833333333333, 0.786757990868, 0.0, [ 0.73424658  0.96986301  0.96438356  0.94246575  0.1260274   0.98356164]
0, 365, 1.74445032677, 3.62845479368, 0.833333333333, 0.786885245902, 0.0, [ 0.73497268  0.96994536  0.96448087  0.94262295  0.12568306  0.98360656]
0, 366, 1.4468854544, 3.62251046306, 1.0, 0.787465940054, 0.0, [ 0.73569482  0.97002725  0.96457766  0.94277929  0.1280654   0.98365123]
0, 367, 2.2122618553, 3.61867826575, 0.833333333333, 0.78759057971, 0.0, [ 0.73641304  0.9701087   0.96467391  0.94293478  0.12771739  0.98369565]
0, 368, 2.52209519866, 3.61570649592, 0.833333333333, 0.787714543812, 0.0, [ 0.73712737  0.9701897   0.96476965  0.94308943  0.12737127  0.98373984]
0, 369, 1.93966373545, 3.61117665063, 0.833333333333, 0.787837837838, 0.0, [ 0.73783784  0.97027027  0.96486486  0.94324324  0.12702703  0.98378378]
0, 370, 1.70488146858, 3.60603838868, 0.833333333333, 0.787960467206, 0.0, [ 0.73854447  0.9703504   0.96495957  0.94339623  0.12668464  0.98382749]
0, 371, 1.50868047805, 3.60040032978, 0.833333333333, 0.788082437276, 0.0, [ 0.73924731  0.97043011  0.96505376  0.94354839  0.12634409  0.98387097]
0, 372, 1.96210526819, 3.59600811782, 0.833333333333, 0.788203753351, 0.0, [ 0.73994638  0.97050938  0.96514745  0.94369973  0.12600536  0.98391421]
0, 373, 2.16378824702, 3.59217865292, 0.833333333333, 0.788324420677, 0.0, [ 0.74064171  0.97058824  0.96524064  0.94385027  0.12566845  0.98395722]
0, 374, 1.78867831649, 3.58736931869, 0.833333333333, 0.788444444444, 0.0, [ 0.74133333  0.97066667  0.96533333  0.944       0.12533333  0.984     ]
0, 375, 1.50869907153, 3.58184094038, 1.0, 0.789007092199, 0.0, [ 0.74202128  0.97074468  0.96542553  0.94414894  0.12765957  0.98404255]
0, 376, 2.17245520274, 3.57810251667, 0.833333333333, 0.789124668435, 0.0, [ 0.74270557  0.97082228  0.96551724  0.94429708  0.12732095  0.98408488]
0, 377, 1.97303974151, 3.57385631885, 0.833333333333, 0.789241622575, 0.0, [ 0.74338624  0.97089947  0.96560847  0.94444444  0.12698413  0.98412698]
0, 378, 1.71993130386, 3.56896469612, 0.833333333333, 0.789357959543, 0.0, [ 0.74406332  0.97097625  0.96569921  0.94459103  0.12664908  0.98416887]
0, 379, 1.69843400826, 3.56404224694, 0.833333333333, 0.789473684211, 0.0, [ 0.74473684  0.97105263  0.96578947  0.94473684  0.12631579  0.98421053]
0, 380, 1.50814298593, 3.55864618589, 0.833333333333, 0.7895888014, 0.0, [ 0.74540682  0.97112861  0.96587927  0.94488189  0.12598425  0.98425197]
0, 381, 1.35141789604, 3.55286810136, 1.0, 0.790139616056, 0.0, [ 0.7460733   0.97120419  0.96596859  0.94502618  0.12827225  0.98429319]
0, 382, 1.76991471385, 3.54821287058, 0.833333333333, 0.790252393386, 0.0, [ 0.74673629  0.97127937  0.96605744  0.94516971  0.12793734  0.9843342 ]
0, 383, 2.97397548466, 3.54671746073, 0.833333333333, 0.790364583333, 0.0, [ 0.74739583  0.97135417  0.96614583  0.9453125   0.12760417  0.984375  ]
0, 384, 2.78138605557, 3.54472958695, 0.833333333333, 0.790476190476, 0.0, [ 0.74805195  0.97142857  0.96623377  0.94545455  0.12727273  0.98441558]
0, 385, 1.6024574226, 3.53969779377, 0.833333333333, 0.790587219344, 0.0, [ 0.74870466  0.97150259  0.96632124  0.94559585  0.12694301  0.98445596]
0, 386, 2.39628811061, 3.53674324679, 0.833333333333, 0.790697674419, 0.0, [ 0.74935401  0.97157623  0.96640827  0.94573643  0.12661499  0.98449612]
0, 387, 2.16559004262, 3.53320934678, 0.833333333333, 0.790807560137, 0.0, [ 0.75        0.97164948  0.96649485  0.94587629  0.12628866  0.98453608]
0, 388, 1.66649500427, 3.52841059525, 0.833333333333, 0.790916880891, 0.0, [ 0.75064267  0.97172237  0.96658098  0.94601542  0.12596401  0.98457584]
0, 389, 1.30812398545, 3.52271755267, 1.0, 0.791452991453, 0.0, [ 0.75128205  0.97179487  0.96666667  0.94615385  0.12820513  0.98461538]
0, 390, 1.11153880811, 3.51655085511, 1.0, 0.791986359761, 0.0, [ 0.75191816  0.97186701  0.96675192  0.94629156  0.13043478  0.98465473]
0, 391, 1.85301426819, 3.51230713933, 0.833333333333, 0.792091836735, 0.0, [ 0.75255102  0.97193878  0.96683673  0.94642857  0.13010204  0.98469388]
0, 392, 1.04407257149, 3.50602664424, 1.0, 0.79262086514, 0.0, [ 0.75318066  0.97201018  0.96692112  0.94656489  0.13231552  0.98473282]
0, 393, 2.45139573357, 3.50334991604, 0.833333333333, 0.792724196277, 0.0, [ 0.75380711  0.97208122  0.96700508  0.94670051  0.1319797   0.98477157]
0, 394, 1.71072951032, 3.49881163653, 0.833333333333, 0.792827004219, 0.0, [ 0.75443038  0.9721519   0.96708861  0.94683544  0.13164557  0.98481013]
0, 395, 1.91992698824, 3.49482455409, 0.833333333333, 0.792929292929, 0.0, [ 0.75505051  0.97222222  0.96717172  0.9469697   0.13131313  0.98484848]
0, 396, 2.79298636467, 3.49305669971, 0.833333333333, 0.793031066331, 0.0, [ 0.75566751  0.97229219  0.96725441  0.94710327  0.13098237  0.98488665]
0, 397, 1.19294925029, 3.48727753526, 1.0, 0.793551088777, 0.0, [ 0.75628141  0.97236181  0.96733668  0.94723618  0.13316583  0.98492462]
0, 398, 1.76379842154, 3.48295803874, 0.833333333333, 0.793650793651, 0.0, [ 0.75689223  0.97243108  0.96741855  0.94736842  0.13283208  0.98496241]
0, 399, 2.49498905608, 3.48048811628, 0.833333333333, 0.79375, 0.0, [ 0.7575  0.9725  0.9675  0.9475  0.1325  0.985 ]
0, 400, 2.22953931193, 3.4773685432, 0.833333333333, 0.793848711554, 0.0, [ 0.75810474  0.97256858  0.96758105  0.94763092  0.13216958  0.98503741]
0, 401, 2.52453916055, 3.47499832086, 0.833333333333, 0.793946932007, 0.0, [ 0.75870647  0.97263682  0.96766169  0.94776119  0.1318408   0.98507463]
0, 402, 2.41194063766, 3.4723604606, 0.833333333333, 0.794044665012, 0.0, [ 0.75930521  0.97270471  0.96774194  0.94789082  0.13151365  0.98511166]
0, 403, 1.60450475015, 3.46773705538, 0.833333333333, 0.794141914191, 0.0, [ 0.75990099  0.97277228  0.96782178  0.9480198   0.13118812  0.98514851]
0, 404, 1.4634806569, 3.46278827415, 1.0, 0.794650205761, 0.0, [ 0.76049383  0.97283951  0.96790123  0.94814815  0.13333333  0.98518519]
0, 405, 1.38328475499, 3.4576663443, 1.0, 0.795155993432, 0.0, [ 0.76108374  0.9729064   0.9679803   0.94827586  0.13546798  0.98522167]
0, 406, 2.21486352921, 3.45461277473, 0.833333333333, 0.79524979525, 0.0, [ 0.76167076  0.97297297  0.96805897  0.94840295  0.13513514  0.98525799]
0, 407, 1.61470706514, 3.45010320191, 0.833333333333, 0.795343137255, 0.0, [ 0.7622549   0.97303922  0.96813725  0.94852941  0.13480392  0.98529412]
0, 408, 2.20839750118, 3.44706724665, 0.833333333333, 0.79543602282, 0.0, [ 0.76283619  0.97310513  0.96821516  0.94865526  0.13447433  0.98533007]
0, 409, 2.4966444851, 3.44474914235, 0.833333333333, 0.795528455285, 0.0, [ 0.76341463  0.97317073  0.96829268  0.94878049  0.13414634  0.98536585]
0, 410, 2.04238338486, 3.44133706022, 0.833333333333, 0.795620437956, 0.0, [ 0.76399027  0.97323601  0.96836983  0.94890511  0.13381995  0.98540146]
0, 411, 1.77797885544, 3.43729978302, 0.833333333333, 0.79571197411, 0.0, [ 0.76456311  0.97330097  0.9684466   0.94902913  0.13349515  0.98543689]
0, 412, 2.27351154023, 3.43448189381, 0.833333333333, 0.79580306699, 0.0, [ 0.76513317  0.97336562  0.968523    0.94915254  0.13317191  0.98547215]
0, 413, 1.81721513342, 3.43057545236, 0.833333333333, 0.795893719807, 0.0, [ 0.76570048  0.97342995  0.96859903  0.94927536  0.13285024  0.98550725]
0, 414, 2.29666009031, 3.42784312619, 0.833333333333, 0.795983935743, 0.0, [ 0.76626506  0.97349398  0.9686747   0.94939759  0.13253012  0.98554217]
0, 415, 2.05038881786, 3.42453193795, 0.833333333333, 0.796073717949, 0.0, [ 0.76682692  0.97355769  0.96875     0.94951923  0.13221154  0.98557692]
0, 416, 2.49022392931, 3.42229139117, 0.833333333333, 0.796163069544, 0.0, [ 0.76738609  0.9736211   0.96882494  0.94964029  0.13189448  0.98561151]
0, 417, 1.74103612468, 3.41826924938, 0.833333333333, 0.79625199362, 0.0, [ 0.76794258  0.97368421  0.96889952  0.94976077  0.13157895  0.98564593]
0, 418, 1.54420316821, 3.41379653797, 1.0, 0.796738265712, 0.0, [ 0.76849642  0.97374702  0.96897375  0.94988067  0.13365155  0.98568019]
0, 419, 2.03193854222, 3.41050639988, 0.833333333333, 0.796825396825, 0.0, [ 0.76904762  0.97380952  0.96904762  0.95        0.13333333  0.98571429]
0, 420, 1.76218879117, 3.40659115616, 0.833333333333, 0.796912114014, 0.0, [ 0.7695962   0.97387173  0.96912114  0.95011876  0.13301663  0.98574822]
0, 421, 1.41159689245, 3.4018636816, 1.0, 0.797393364929, 0.0, [ 0.77014218  0.97393365  0.96919431  0.95023697  0.13507109  0.98578199]
0, 422, 1.91553915625, 3.39834991204, 0.833333333333, 0.797478329393, 0.0, [ 0.77068558  0.97399527  0.96926714  0.95035461  0.13475177  0.9858156 ]
0, 423, 1.98273744053, 3.39501120338, 0.833333333333, 0.797562893082, 0.0, [ 0.77122642  0.9740566   0.96933962  0.9504717   0.13443396  0.98584906]
0, 424, 2.07282730665, 3.39190018244, 0.833333333333, 0.797647058824, 0.0, [ 0.77176471  0.97411765  0.96941176  0.95058824  0.13411765  0.98588235]
0, 425, 1.8023253691, 3.38816878617, 0.833333333333, 0.797730829421, 0.0, [ 0.77230047  0.9741784   0.96948357  0.95070423  0.13380282  0.98591549]
0, 426, 1.77092002683, 3.38438131835, 0.833333333333, 0.79781420765, 0.0, [ 0.77283372  0.97423888  0.96955504  0.95081967  0.13348946  0.98594848]
0, 427, 2.10102066375, 3.38138281215, 0.833333333333, 0.797897196262, 0.0, [ 0.77336449  0.97429907  0.96962617  0.95093458  0.13317757  0.98598131]
0, 428, 1.83140063107, 3.37776980007, 0.833333333333, 0.79797979798, 0.0, [ 0.77389277  0.97435897  0.96969697  0.95104895  0.13286713  0.98601399]
0, 429, 2.09685519885, 3.3747909289, 0.833333333333, 0.798062015504, 0.0, [ 0.7744186   0.9744186   0.96976744  0.95116279  0.13255814  0.98604651]
0, 430, 1.97588806105, 3.37154521459, 0.833333333333, 0.798143851508, 0.0, [ 0.774942    0.97447796  0.96983759  0.9512761   0.13225058  0.98607889]
0, 431, 1.70520942385, 3.36768795582, 0.833333333333, 0.798225308642, 0.0, [ 0.77546296  0.97453704  0.96990741  0.95138889  0.13194444  0.98611111]
0, 432, 1.54361271808, 3.36347531093, 0.833333333333, 0.79830638953, 0.0, [ 0.77598152  0.97459584  0.96997691  0.95150115  0.13163972  0.98614319]
0, 433, 1.97143179215, 3.36026783738, 0.833333333333, 0.798387096774, 0.0, [ 0.7764977   0.97465438  0.97004608  0.9516129   0.13133641  0.98617512]
0, 434, 1.60993975779, 3.35624409467, 0.833333333333, 0.79846743295, 0.0, [ 0.77701149  0.97471264  0.97011494  0.95172414  0.13103448  0.9862069 ]
0, 435, 1.62008857152, 3.35226208659, 0.833333333333, 0.798547400612, 0.0, [ 0.77752294  0.97477064  0.97018349  0.95183486  0.13073394  0.98623853]
0, 436, 2.28155048068, 3.34981194561, 0.833333333333, 0.798627002288, 0.0, [ 0.77803204  0.97482838  0.97025172  0.95194508  0.13043478  0.98627002]
0, 437, 1.59306242143, 3.34580110195, 0.833333333333, 0.798706240487, 0.0, [ 0.77853881  0.97488584  0.97031963  0.95205479  0.13013699  0.98630137]
0, 438, 1.49797220584, 3.34159192451, 1.0, 0.799164768413, 0.0, [ 0.77904328  0.97494305  0.97038724  0.95216401  0.13211845  0.98633257]
0, 439, 1.79311854975, 3.33807266684, 0.833333333333, 0.799242424242, 0.0, [ 0.77954545  0.975       0.97045455  0.95227273  0.13181818  0.98636364]
0, 440, 1.33255596201, 3.33352500991, 1.0, 0.799697656841, 0.0, [ 0.78004535  0.97505669  0.97052154  0.95238095  0.13378685  0.98639456]
0, 441, 2.55452710895, 3.33176257122, 0.833333333333, 0.799773755656, 0.0, [ 0.78054299  0.97511312  0.97058824  0.95248869  0.13348416  0.98642534]
0, 442, 2.44363566034, 3.32975777007, 0.833333333333, 0.79984951091, 0.0, [ 0.78103837  0.9751693   0.97065463  0.95259594  0.13318284  0.98645598]
0, 443, 2.01856892024, 3.32680464203, 0.833333333333, 0.799924924925, 0.0, [ 0.78153153  0.97522523  0.97072072  0.9527027   0.13288288  0.98648649]
0, 444, 2.14036774795, 3.32413849171, 0.833333333333, 0.8, 0.0, [ 0.78202247  0.9752809   0.97078652  0.95280899  0.13258427  0.98651685]
0, 445, 1.78028018572, 3.320676926, 0.833333333333, 0.800074738416, 0.0, [ 0.78251121  0.97533632  0.97085202  0.9529148   0.132287    0.98654709]
0, 446, 2.12481523221, 3.3180016202, 0.833333333333, 0.800149142431, 0.0, [ 0.78299776  0.9753915   0.97091723  0.95302013  0.13199105  0.98657718]
0, 447, 2.15354132204, 3.31540237846, 0.833333333333, 0.800223214286, 0.0, [ 0.78348214  0.97544643  0.97098214  0.953125    0.13169643  0.98660714]
0, 448, 2.08635115633, 3.31266507061, 0.833333333333, 0.800296956199, 0.0, [ 0.78396437  0.97550111  0.97104677  0.9532294   0.13140312  0.98663697]
0, 449, 1.57855872897, 3.30881150097, 1.0, 0.800740740741, 0.0, [ 0.78444444  0.97555556  0.97111111  0.95333333  0.13333333  0.98666667]
0, 450, 1.79185877005, 3.30544796941, 0.833333333333, 0.80081300813, 0.0, [ 0.78492239  0.97560976  0.97117517  0.95343681  0.13303769  0.98669623]
0, 451, 1.97225244801, 3.3024984218, 0.833333333333, 0.800884955752, 0.0, [ 0.78539823  0.97566372  0.97123894  0.95353982  0.13274336  0.98672566]
0, 452, 2.18895332798, 3.30004026486, 0.833333333333, 0.800956585725, 0.0, [ 0.78587196  0.97571744  0.97130243  0.95364238  0.13245033  0.98675497]
0, 453, 2.29900786397, 3.29783534768, 0.833333333333, 0.801027900147, 0.0, [ 0.78634361  0.97577093  0.97136564  0.95374449  0.13215859  0.98678414]
0, 454, 2.2376097441, 3.29550518151, 0.833333333333, 0.801098901099, 0.0, [ 0.78681319  0.97582418  0.97142857  0.95384615  0.13186813  0.98681319]
0, 455, 2.29685191928, 3.29331515243, 0.833333333333, 0.801169590643, 0.0, [ 0.7872807   0.97587719  0.97149123  0.95394737  0.13157895  0.98684211]
0, 456, 1.94672669055, 3.29036856936, 0.833333333333, 0.801239970824, 0.0, [ 0.78774617  0.97592998  0.97155361  0.95404814  0.13129103  0.9868709 ]
0, 457, 2.06799534334, 3.28769963219, 0.833333333333, 0.801310043668, 0.0, [ 0.78820961  0.97598253  0.97161572  0.95414847  0.13100437  0.98689956]
0, 458, 1.93527965277, 3.28475318343, 0.833333333333, 0.801379811184, 0.0, [ 0.78867102  0.97603486  0.97167756  0.95424837  0.13071895  0.9869281 ]
0, 459, 2.07655196022, 3.28212665903, 0.833333333333, 0.801449275362, 0.0, [ 0.78913043  0.97608696  0.97173913  0.95434783  0.13043478  0.98695652]
0, 460, 1.77618465102, 3.27885997355, 0.833333333333, 0.801518438178, 0.0, [ 0.78958785  0.97613883  0.97180043  0.95444685  0.13015184  0.98698482]
0, 461, 1.75222243243, 3.27555556329, 0.833333333333, 0.801587301587, 0.0, [ 0.79004329  0.97619048  0.97186147  0.95454545  0.12987013  0.98701299]
0, 462, 2.03035331579, 3.27286614159, 0.833333333333, 0.801655867531, 0.0, [ 0.79049676  0.9762419   0.97192225  0.95464363  0.12958963  0.98704104]
0, 463, 1.66536361346, 3.26940169648, 0.833333333333, 0.801724137931, 0.0, [ 0.79094828  0.9762931   0.97198276  0.95474138  0.12931034  0.98706897]
0, 464, 1.47336272742, 3.26553924709, 1.0, 0.802150537634, 0.0, [ 0.79139785  0.97634409  0.97204301  0.95483871  0.1311828   0.98709677]
0, 465, 2.06878607773, 3.26297110724, 0.833333333333, 0.802217453505, 0.0, [ 0.79184549  0.97639485  0.972103    0.95493562  0.13090129  0.98712446]
0, 466, 1.87650641325, 3.26000223209, 0.833333333333, 0.802284082798, 0.0, [ 0.79229122  0.9764454   0.97216274  0.95503212  0.13062099  0.98715203]
0, 467, 1.43309845799, 3.25609859155, 0.833333333333, 0.80235042735, 0.0, [ 0.79273504  0.97649573  0.97222222  0.95512821  0.13034188  0.98717949]
0, 468, 1.73610312886, 3.25285766306, 0.833333333333, 0.802416488984, 0.0, [ 0.79317697  0.97654584  0.97228145  0.95522388  0.13006397  0.98720682]
0, 469, 1.53633877873, 3.24920549522, 0.833333333333, 0.802482269504, 0.0, [ 0.79361702  0.97659574  0.97234043  0.95531915  0.12978723  0.98723404]
0, 470, 2.49319811738, 3.24760038401, 0.833333333333, 0.802547770701, 0.0, [ 0.7940552   0.97664544  0.97239915  0.95541401  0.12951168  0.98726115]
0, 471, 2.07678380913, 3.24511984042, 0.833333333333, 0.80261299435, 0.0, [ 0.79449153  0.97669492  0.97245763  0.95550847  0.12923729  0.98728814]
0, 472, 1.99920831118, 3.24248577799, 0.833333333333, 0.802677942213, 0.0, [ 0.794926    0.97674419  0.97251586  0.95560254  0.12896406  0.98731501]
0, 473, 1.76312780471, 3.23936476961, 0.833333333333, 0.802742616034, 0.0, [ 0.79535865  0.97679325  0.97257384  0.9556962   0.12869198  0.98734177]
0, 474, 1.37798183538, 3.23544606869, 1.0, 0.803157894737, 0.0, [ 0.79578947  0.97684211  0.97263158  0.95578947  0.13052632  0.98736842]
0, 475, 2.06062234812, 3.23297795163, 0.833333333333, 0.803221288515, 0.0, [ 0.79621849  0.97689076  0.97268908  0.95588235  0.1302521   0.98739496]
0, 476, 2.08561785071, 3.23057258455, 0.833333333333, 0.803284416492, 0.0, [ 0.7966457   0.9769392   0.97274633  0.95597484  0.12997904  0.98742138]
0, 477, 2.46949564401, 3.22898037337, 0.833333333333, 0.803347280335, 0.0, [ 0.79707113  0.97698745  0.97280335  0.95606695  0.12970711  0.9874477 ]
0, 478, 1.75503228226, 3.22590323748, 0.833333333333, 0.803409881698, 0.0, [ 0.79749478  0.97703549  0.97286013  0.95615866  0.12943633  0.9874739 ]
0, 479, 1.93183280337, 3.22320725741, 0.833333333333, 0.803472222222, 0.0, [ 0.79791667  0.97708333  0.97291667  0.95625     0.12916667  0.9875    ]
0, 480, 1.69418334627, 3.22002841352, 0.833333333333, 0.803534303534, 0.0, [ 0.7983368   0.97713098  0.97297297  0.95634096  0.12889813  0.98752599]
0, 481, 2.27541855533, 3.21806864203, 0.833333333333, 0.803596127248, 0.0, [ 0.79875519  0.97717842  0.97302905  0.95643154  0.12863071  0.98755187]
0, 482, 1.33514812199, 3.21417025586, 1.0, 0.804002760524, 0.0, [ 0.79917184  0.97722567  0.97308489  0.95652174  0.13043478  0.98757764]
0, 483, 2.35185336301, 3.21238860939, 0.833333333333, 0.804063360882, 0.0, [ 0.79958678  0.97727273  0.9731405   0.95661157  0.13016529  0.98760331]
0, 484, 1.98958806427, 3.20986737115, 0.833333333333, 0.80412371134, 0.0, [ 0.8         0.97731959  0.97319588  0.95670103  0.12989691  0.98762887]
0, 485, 2.02280218234, 3.20742485019, 0.833333333333, 0.804183813443, 0.0, [ 0.80041152  0.97736626  0.97325103  0.95679012  0.12962963  0.98765432]
0, 486, 1.75644000671, 3.20444541519, 0.833333333333, 0.80424366872, 0.0, [ 0.80082136  0.97741273  0.97330595  0.95687885  0.12936345  0.98767967]
0, 487, 2.18868149052, 3.20236393174, 0.833333333333, 0.804303278689, 0.0, [ 0.80122951  0.97745902  0.97336066  0.95696721  0.12909836  0.98770492]
0, 488, 1.78302732884, 3.1994614029, 0.833333333333, 0.804362644853, 0.0, [ 0.80163599  0.97750511  0.97341513  0.95705521  0.12883436  0.98773006]
0, 489, 1.7263689431, 3.19645509176, 0.833333333333, 0.804421768707, 0.0, [ 0.80204082  0.97755102  0.97346939  0.95714286  0.12857143  0.9877551 ]
0, 490, 1.76782042827, 3.19354544886, 0.833333333333, 0.804480651731, 0.0, [ 0.80244399  0.97759674  0.97352342  0.95723014  0.12830957  0.98778004]
0, 491, 1.9135048609, 3.19094374034, 0.833333333333, 0.804539295393, 0.0, [ 0.80284553  0.97764228  0.97357724  0.95731707  0.12804878  0.98780488]
0, 492, 2.35501095977, 3.18924813633, 0.833333333333, 0.804597701149, 0.0, [ 0.80324544  0.97768763  0.97363083  0.95740365  0.12778905  0.98782961]
0, 493, 1.67230398105, 3.18617739917, 0.833333333333, 0.804655870445, 0.0, [ 0.80364372  0.97773279  0.97368421  0.95748988  0.12753036  0.98785425]
0, 494, 1.44402500218, 3.18265789938, 1.0, 0.805050505051, 0.0, [ 0.8040404   0.97777778  0.97373737  0.95757576  0.12929293  0.98787879]
0, 495, 2.23251546025, 3.18074228962, 0.833333333333, 0.805107526882, 0.0, [ 0.80443548  0.97782258  0.97379032  0.95766129  0.12903226  0.98790323]
0, 496, 1.63826947713, 3.1776387226, 0.833333333333, 0.805164319249, 0.0, [ 0.80482897  0.9778672   0.97384306  0.95774648  0.12877264  0.98792757]
0, 497, 1.97390196136, 3.1752215805, 0.833333333333, 0.805220883534, 0.0, [ 0.80522088  0.97791165  0.97389558  0.95783133  0.12851406  0.98795181]
0, 498, 2.29267972863, 3.17345295956, 0.833333333333, 0.805277221109, 0.0, [ 0.80561122  0.97795591  0.9739479   0.95791583  0.12825651  0.98797595]
0, 499, 2.35739994428, 3.17182085353, 0.833333333333, 0.805333333333, 0.0, [ 0.806  0.978  0.974  0.958  0.128  0.988]
0, 500, 1.90319239819, 3.169288661, 0.833333333333, 0.805389221557, 0.0, [ 0.80638723  0.97804391  0.9740519   0.95808383  0.12774451  0.98802395]
0, 501, 2.07137395709, 3.16710157992, 0.833333333333, 0.805444887118, 0.0, [ 0.80677291  0.97808765  0.97410359  0.95816733  0.12749004  0.98804781]
0, 502, 1.88351977207, 3.16454972742, 0.833333333333, 0.805500331345, 0.0, [ 0.80715706  0.97813121  0.97415507  0.9582505   0.12723658  0.98807157]
0, 503, 1.88316423505, 3.16200729589, 0.833333333333, 0.805555555556, 0.0, [ 0.80753968  0.9781746   0.97420635  0.95833333  0.12698413  0.98809524]
0, 504, 1.55003150227, 3.15881526461, 1.0, 0.805940594059, 0.0, [ 0.80792079  0.97821782  0.97425743  0.95841584  0.12871287  0.98811881]
0, 505, 1.3224939165, 3.15518617104, 1.0, 0.806324110672, 0.0, [ 0.8083004   0.97826087  0.9743083   0.95849802  0.13043478  0.98814229]
0, 506, 2.24056851749, 3.15338219145, 0.833333333333, 0.8063773833, 0.0, [ 0.8086785   0.97830375  0.97435897  0.95857988  0.13017751  0.98816568]
0, 507, 1.94389497932, 3.15100131111, 0.833333333333, 0.806430446194, 0.0, [ 0.80905512  0.97834646  0.97440945  0.95866142  0.12992126  0.98818898]
0, 508, 1.61377399016, 3.14798121814, 0.833333333333, 0.806483300589, 0.0, [ 0.80943026  0.978389    0.97445972  0.95874263  0.12966601  0.98821218]
0, 509, 2.12899957837, 3.14598321492, 0.833333333333, 0.806535947712, 0.0, [ 0.80980392  0.97843137  0.9745098   0.95882353  0.12941176  0.98823529]
0, 510, 2.10975622197, 3.14395537345, 0.833333333333, 0.80658838878, 0.0, [ 0.81017613  0.97847358  0.97455969  0.95890411  0.12915851  0.98825832]
0, 511, 2.17821695973, 3.14206916561, 0.833333333333, 0.806640625, 0.0, [ 0.81054688  0.97851562  0.97460938  0.95898438  0.12890625  0.98828125]
0, 512, 1.82877682404, 3.13950914155, 0.833333333333, 0.80669265757, 0.0, [ 0.81091618  0.9785575   0.97465887  0.95906433  0.12865497  0.98830409]
0, 513, 1.73748504072, 3.1367814682, 0.833333333333, 0.806744487678, 0.0, [ 0.81128405  0.97859922  0.97470817  0.95914397  0.12840467  0.98832685]
0, 514, 2.22887838802, 3.1350185496, 0.833333333333, 0.806796116505, 0.0, [ 0.81165049  0.97864078  0.97475728  0.9592233   0.12815534  0.98834951]
0, 515, 1.69312503959, 3.13222418234, 0.833333333333, 0.80684754522, 0.0, [ 0.8120155   0.97868217  0.9748062   0.95930233  0.12790698  0.98837209]
0, 516, 1.67745850933, 3.12941032223, 0.833333333333, 0.806898774984, 0.0, [ 0.81237911  0.9787234   0.97485493  0.95938104  0.12765957  0.98839458]
0, 517, 1.62249769359, 3.12650122449, 1.0, 0.807271557272, 0.0, [ 0.81274131  0.97876448  0.97490347  0.95945946  0.12934363  0.98841699]
0, 518, 1.58235133322, 3.12352598386, 0.833333333333, 0.80732177264, 0.0, [ 0.81310212  0.97880539  0.97495183  0.95953757  0.12909441  0.98843931]
0, 519, 1.58696154579, 3.12057105224, 0.833333333333, 0.807371794872, 0.0, [ 0.81346154  0.97884615  0.975       0.95961538  0.12884615  0.98846154]
0, 520, 2.18253015615, 3.11877058987, 0.833333333333, 0.80742162508, 0.0, [ 0.81381958  0.97888676  0.97504798  0.9596929   0.12859885  0.98848369]
0, 521, 1.73798056702, 3.11612539826, 0.833333333333, 0.807471264368, 0.0, [ 0.81417625  0.9789272   0.97509579  0.95977011  0.12835249  0.98850575]
0, 522, 1.47206315333, 3.1129818758, 0.833333333333, 0.80752071383, 0.0, [ 0.81453155  0.9789675   0.9751434   0.95984704  0.12810707  0.98852772]
0, 523, 1.27197929885, 3.1094685121, 1.0, 0.807888040712, 0.0, [ 0.8148855   0.97900763  0.97519084  0.95992366  0.12977099  0.98854962]
0, 524, 1.15753260736, 3.10575053895, 1.0, 0.808253968254, 0.0, [ 0.8152381   0.97904762  0.9752381   0.96        0.13142857  0.98857143]
0, 525, 1.88525550606, 3.10343020619, 0.833333333333, 0.808301647655, 0.0, [ 0.81558935  0.97908745  0.97528517  0.96007605  0.13117871  0.98859316]
0, 526, 1.31480014385, 3.10003622125, 1.0, 0.808665401645, 0.0, [ 0.81593928  0.97912713  0.97533207  0.9601518   0.13282732  0.9886148 ]
0, 527, 2.74262980599, 3.09935931516, 0.833333333333, 0.808712121212, 0.0, [ 0.81628788  0.97916667  0.97537879  0.96022727  0.13257576  0.98863636]
0, 528, 1.64550135122, 3.09661100143, 0.833333333333, 0.808758664146, 0.0, [ 0.81663516  0.97920605  0.97542533  0.96030246  0.13232514  0.98865784]
0, 529, 1.21570484482, 3.09306212189, 1.0, 0.809119496855, 0.0, [ 0.81698113  0.97924528  0.9754717   0.96037736  0.13396226  0.98867925]
0, 530, 1.95070490392, 3.09091079003, 0.833333333333, 0.809165097301, 0.0, [ 0.8173258   0.97928437  0.97551789  0.96045198  0.13370998  0.98870056]
0, 531, 2.51954435379, 3.08983679297, 0.833333333333, 0.809210526316, 0.0, [ 0.81766917  0.97932331  0.97556391  0.96052632  0.13345865  0.9887218 ]
0, 532, 2.48113918165, 3.08869477118, 0.833333333333, 0.809255784866, 0.0, [ 0.81801126  0.9793621   0.97560976  0.96060038  0.13320826  0.98874296]
0, 533, 2.20752214963, 3.08704463519, 0.833333333333, 0.809300873908, 0.0, [ 0.81835206  0.97940075  0.97565543  0.96067416  0.1329588   0.98876404]
0, 534, 2.00085640281, 3.08501437681, 0.833333333333, 0.809345794393, 0.0, [ 0.81869159  0.97