0, 0, 7.64412581731, 7.64412581731, 0.0515873015873, 0.0515873015873, 0.0, [ 0.  0.  0.  0.  0.  0.]
0, 1, 7.72141854763, 7.68277218247, 0.6, 0.325793650794, 0.0, [ 0.  0.  0.  0.  0.  0.]
0, 2, 8.09377119551, 7.81977185348, 0.0645833333333, 0.238723544974, 0.0, [ 0.  0.  0.  0.  0.  0.]
0, 3, 7.85924149227, 7.82963926318, 0.295454545455, 0.252906295094, 0.0, [ 0.  0.  0.  0.  0.  0.]
0, 4, 7.83658933982, 7.83102927851, 0.333333333333, 0.268991702742, 0.0, [ 0.  0.  0.  0.  0.  0.]
0, 5, 7.90707749365, 7.84370398103, 0.375, 0.286659752285, 0.0, [ 0.  0.  0.  0.  0.  0.]
0, 6, 7.78461915736, 7.83526329194, 0.0392307692308, 0.251312754706, 0.0, [ 0.  0.  0.  0.  0.  0.]
0, 7, 7.80099215708, 7.83097940008, 0.121794871795, 0.235123019342, 0.0, [ 0.  0.  0.  0.  0.  0.]
0, 8, 7.82829599589, 7.83068124406, 0.0488095238095, 0.214421519838, 0.0, [ 0.  0.  0.  0.  0.  0.]
0, 9, 7.97569881953, 7.84518300161, 0.12, 0.204979367854, 0.0, [ 0.  0.  0.  0.  0.  0.]
0, 10, 7.66958909237, 7.82921991895, 0.0972222222222, 0.195183263706, 0.0, [ 0.  0.  0.  0.  0.  0.]
0, 11, 8.29516564907, 7.86804872979, 0.116666666667, 0.188640213953, 0.0, [ 0.  0.  0.  0.  0.  0.]
0, 12, 7.89230867905, 7.86991487974, 0.0464015151515, 0.177698775583, 0.0, [ 0.  0.  0.  0.  0.  0.]
0, 13, 7.77476635427, 7.86311855649, 0.180555555556, 0.177902831296, 0.0, [ 0.  0.  0.  0.  0.  0.]
0, 14, 7.78138256638, 7.85766949048, 0.0651260504202, 0.170384379237, 0.0, [ 0.  0.  0.  0.  0.  0.]
0, 15, 8.35995463465, 7.88906231199, 0.138461538462, 0.168389201689, 0.0, [ 0.  0.  0.  0.  0.  0.]
0, 16, 7.81482511099, 7.88469541781, 0.129411764706, 0.166096411278, 0.0, [ 0.  0.  0.  0.  0.  0.]
0, 17, 7.91943684412, 7.88662549705, 0.0992063492063, 0.162380296719, 0.0, [ 0.  0.  0.  0.  0.  0.]
0, 18, 8.01224605408, 7.89323710532, 0.154411764706, 0.161960900297, 0.0, [ 0.  0.  0.  0.  0.  0.]
0, 19, 7.83289821053, 7.89022016058, 0.0793650793651, 0.15783110925, 0.0, [ 0.  0.  0.  0.  0.  0.]
0, 20, 7.66965431973, 7.8797170253, 0.18137254902, 0.158952130192, 0.0, [ 0.  0.  0.  0.  0.  0.]
0, 21, 7.81372373548, 7.87671733031, 0.0444078947368, 0.153745574035, 0.0, [ 0.  0.  0.  0.  0.  0.]
0, 22, 7.55558318167, 7.86275497602, 0.0551282051282, 0.149457862343, 0.0, [ 0.  0.  0.  0.  0.  0.]
0, 23, 7.90472272546, 7.86450363225, 0.0786290322581, 0.146506661089, 0.0, [ 0.  0.  0.  0.  0.  0.]
0, 24, 7.57935650911, 7.85309774732, 0.526315789474, 0.161699026225, 0.0, [ 0.  0.  0.  0.  0.  0.]
0, 25, 8.09682713391, 7.8624719545, 0.145833333333, 0.161088807267, 0.0, [ 0.  0.  0.  0.  0.  0.]
0, 26, 7.6232150547, 7.85361058784, 0.0583333333333, 0.157283048974, 0.0, [ 0.  0.  0.  0.  0.  0.]
0, 27, 8.22273354874, 7.86679355073, 0.031339031339, 0.152785048344, 0.0, [ 0.  0.  0.  0.  0.  0.]
0, 28, 7.57603089164, 7.85676725214, 0.0550724637681, 0.149415648876, 0.0, [ 0.  0.  0.  0.  0.  0.]
0, 29, 7.58744780459, 7.84778993722, 0.275, 0.153601793913, 0.0, [ 0.  0.  0.  0.  0.  0.]
0, 30, 8.24009266398, 7.86044486389, 0.0456349206349, 0.150118991549, 0.0, [ 0.  0.  0.  0.  0.  0.]
0, 31, 7.65929614159, 7.85415896632, 0.216666666667, 0.152198606397, 0.0, [ 0.  0.  0.  0.  0.  0.]
0, 32, 7.75097231571, 7.85103209812, 0.222222222222, 0.154320534149, 0.0, [ 0.  0.  0.  0.  0.  0.]
0, 33, 8.19886613948, 7.8612625111, 0.111111111111, 0.153049668766, 0.0, [ 0.  0.  0.  0.  0.  0.]
0, 34, 7.93051036975, 7.86324102135, 0.0833333333333, 0.151057773468, 0.0, [ 0.  0.  0.  0.  0.  0.]
0, 35, 7.91076192957, 7.86456104658, 0.0747863247863, 0.148939122115, 0.0, [ 0.  0.  0.  0.  0.  0.]
0, 36, 7.83910521471, 7.86387305112, 0.146739130435, 0.148879662881, 0.0, [ 0.  0.  0.  0.  0.  0.]
0, 37, 6.97648908831, 7.84052084157, 0.515625, 0.158530855963, 0.0, [ 0.  0.  0.  0.  0.  0.]
0, 38, 8.10907846739, 7.84740693454, 0.3, 0.162158269912, 0.0, [ 0.  0.  0.  0.  0.  0.]
0, 39, 7.79018881139, 7.84597648146, 0.263888888889, 0.164701535387, 0.0, [ 0.  0.  0.  0.  0.  0.]
0, 40, 8.25605768546, 7.85597846205, 0.0678571428571, 0.162339477032, 0.0, [ 0.  0.  0.  0.  0.  0.]
0, 41, 6.84037399272, 7.83179740325, 0.526315789474, 0.17100557971, 0.0, [ 0.  0.  0.  0.  0.  0.]
0, 42, 7.69101503107, 7.8285233946, 0.102564102564, 0.16941391745, 0.0, [ 0.  0.  0.  0.  0.  0.]
0, 43, 7.55478751936, 7.82230212471, 0.190476190476, 0.169892605474, 0.0, [ 0.  0.  0.  0.  0.  0.]
0, 44, 7.48218988273, 7.81474407489, 0.196428571429, 0.170482293606, 0.0, [ 0.  0.  0.  0.  0.  0.]
0, 45, 7.57756973518, 7.80958811098, 0.155555555556, 0.170157799301, 0.0, [ 0.  0.  0.  0.  0.  0.]
0, 46, 6.92661802067, 7.79080151331, 0.416666666667, 0.175402668819, 0.0, [ 0.  0.  0.  0.  0.  0.]
0, 47, 8.97563650565, 7.81548557565, 0.1, 0.173831779885, 0.0, [ 0.  0.  0.  0.  0.  0.]
0, 48, 8.79814937659, 7.83553993894, 0.0972222222222, 0.172268319525, 0.0, [ 0.  0.  0.  0.  0.  0.]
0, 49, 7.67907844908, 7.83241070914, 0.196428571429, 0.172751524563, 0.0, [ 0.  0.  0.  0.  0.  0.]
0, 50, 8.80748431546, 7.85152979946, 0.100961538462, 0.171343877777, 0.0, [ 0.  0.  0.  0.  0.  0.]
0, 51, 7.72755821228, 7.84914573048, 0.225, 0.172375726281, 0.0, [ 0.  0.  0.  0.  0.  0.]
0, 52, 7.46297612646, 7.84185951153, 0.1, 0.17101014654, 0.0, [ 0.  0.  0.  0.  0.  0.]
0, 53, 7.90046796677, 7.8429448533, 0.107142857143, 0.169827418958, 0.0, [ 0.  0.  0.  0.  0.  0.]
0, 54, 8.4660378227, 7.85427381638, 0.0977443609023, 0.168516817903, 0.0, [ 0.  0.  0.  0.  0.  0.]
0, 55, 8.65230012245, 7.86852428613, 0.15625, 0.168297767583, 0.0, [ 0.  0.  0.  0.  0.  0.]
0, 56, 7.86692009089, 7.86849614235, 0.0484848484848, 0.166195786546, 0.0, [ 0.  0.  0.  0.  0.  0.]
0, 57, 8.27104373364, 7.87543661806, 0.15625, 0.166024307468, 0.0, [ 0.  0.  0.  0.  0.  0.]
0, 58, 7.62613590839, 7.87121118231, 0.321428571429, 0.168658278043, 0.0, [ 0.  0.  0.  0.  0.  0.]
0, 59, 7.69533372255, 7.86827989131, 0.0810185185185, 0.167197615385, 0.0, [ 0.  0.  0.  0.  0.  0.]
0, 60, 7.6312771694, 7.86439460079, 0.0551282051282, 0.165360411938, 0.0, [ 0.  0.  0.  0.  0.  0.]
0, 61, 7.70939071358, 7.86189453809, 0.3125, 0.1677336311, 0.0, [ 0.  0.  0.  0.  0.  0.]
0, 62, 8.0203327521, 7.86440943038, 0.1, 0.166658494099, 0.0, [ 0.  0.  0.  0.  0.  0.]
0, 63, 7.73879845543, 7.86244675889, 0.555555555556, 0.172735010684, 0.0, [ 0.  0.  0.  0.  0.  0.]
0, 64, 7.7641885188, 7.86093509366, 0.288461538462, 0.174515418804, 0.0, [ 0.  0.  0.  0.  0.  0.]
0, 65, 6.8801910443, 7.84607533534, 0.545454545455, 0.180135708601, 0.0, [ 0.  0.  0.  0.  0.  0.]
0, 66, 7.8100045411, 7.84553696527, 0.0540935672515, 0.178254482611, 0.0, [ 0.  0.  0.  0.  0.  0.]
0, 67, 8.73871080739, 7.85867187472, 0.0394345238095, 0.176213012629, 0.0, [ 0.  0.  0.  0.  0.  0.]
0, 68, 7.14160759312, 7.84827963875, 0.0330284552846, 0.174137874116, 0.0, [ 0.  0.  0.  0.  0.  0.]
0, 69, 7.89667379623, 7.84897098386, 0.138157894737, 0.173623874411, 0.0, [ 0.  0.  0.  0.  0.  0.]
0, 70, 8.37778817065, 7.85641911325, 0.0544117647059, 0.171944830612, 0.0, [ 0.  0.  0.  0.  0.  0.]
0, 71, 7.88957798287, 7.85687965311, 0.154761904762, 0.171706178864, 0.0, [ 0.  0.  0.  0.  0.  0.]
0, 72, 7.40796434399, 7.85073012832, 0.0616666666667, 0.170198788286, 0.0, [ 0.  0.  0.  0.  0.  0.]
0, 73, 8.28688752905, 7.85662414725, 0.0397058823529, 0.168435370639, 0.0, [ 0.  0.  0.  0.  0.  0.]
0, 74, 8.11368400503, 7.86005161202, 0.0525641025641, 0.166890420398, 0.0, [ 0.  0.  0.  0.  0.  0.]
0, 75, 8.18671910736, 7.86434986854, 0.0810185185185, 0.165760526952, 0.0, [ 0.  0.  0.  0.  0.  0.]
0, 76, 7.72169413787, 7.86249719671, 0.0557275541796, 0.164331527305, 0.0, [ 0.  0.  0.  0.  0.  0.]
0, 77, 7.9123234373, 7.86313599467, 0.183333333333, 0.164575140203, 0.0, [ 0.  0.  0.  0.  0.  0.]
0, 78, 7.34522751579, 7.85658019114, 0.0634057971014, 0.163294515607, 0.0, [ 0.  0.  0.  0.  0.  0.]
0, 79, 7.92504395817, 7.85743598823, 0.0575657894737, 0.16197290653, 0.0, [ 0.  0.  0.  0.  0.  0.]
0, 80, 7.31475338016, 7.85073620294, 0.288461538462, 0.163534494579, 0.0, [ 0.  0.  0.  0.  0.  0.]
0, 81, 7.43652729026, 7.84568487474, 0.196428571429, 0.163935641857, 0.0, [ 0.  0.  0.  0.  0.  0.]
0, 82, 7.71408328818, 7.84409931345, 0.047619047619, 0.162534237108, 0.0, [ 0.  0.  0.  0.  0.  0.]
0, 83, 7.46556859045, 7.83959299532, 0.264285714286, 0.163745564217, 0.0, [ 0.  0.  0.  0.  0.  0.]
0, 84, 7.58918081114, 7.83664696963, 0.3, 0.165348557579, 0.0, [ 0.  0.  0.  0.  0.  0.]
0, 85, 7.49116702583, 7.83262976098, 0.15625, 0.165242760398, 0.0, [ 0.  0.  0.  0.  0.  0.]
0, 86, 7.6134509782, 7.83011046462, 0.166666666667, 0.165259127137, 0.0, [ 0.  0.  0.  0.  0.  0.]
0, 87, 7.54191138881, 7.82683547513, 0.0982142857143, 0.164497253939, 0.0, [ 0.  0.  0.  0.  0.  0.]
0, 88, 8.0582965356, 7.8294361612, 0.0575657894737, 0.16329577681, 0.0, [ 0.  0.  0.  0.  0.  0.]
0, 89, 7.13267534923, 7.8216943744, 0.139285714286, 0.163028998337, 0.0, [ 0.  0.  0.  0.  0.  0.]
0, 90, 8.74347041186, 7.83182378141, 0.0529556650246, 0.161819401268, 0.0, [ 0.  0.  0.  0.  0.  0.]
0, 91, 8.2219650566, 7.83606444744, 0.171428571429, 0.16192384877, 0.0, [ 0.  0.  0.  0.  0.  0.]
0, 92, 7.43843976717, 7.83178891324, 0.112820512821, 0.16139585591, 0.0, [ 0.  0.  0.  0.  0.  0.]
0, 93, 7.00239221226, 7.82296554408, 0.205128205128, 0.161861093668, 0.0, [ 0.  0.  0.  0.  0.  0.]
0, 94, 8.12705609878, 7.82616649729, 0.0318181818182, 0.160492220911, 0.0, [ 0.  0.  0.  0.  0.  0.]
0, 95, 8.37789228769, 7.83191364094, 0.0357598978289, 0.159192925879, 0.0, [ 0.  0.  0.  0.  0.  0.]
0, 96, 8.05136122066, 7.83417598712, 0.0839160839161, 0.158416875962, 0.0, [ 0.  0.  0.  0.  0.  0.]
0, 97, 7.51920997089, 7.83096204818, 0.0787878787879, 0.157604335175, 0.0, [ 0.  0.  0.  0.  0.  0.]
0, 98, 7.94031482446, 7.83206662168, 0.0557275541796, 0.156575276781, 0.0, [ 0.  0.  0.  0.  0.  0.]
0, 99, 8.342458464, 7.8371705401, 0.0666666666667, 0.15567619068, 0.0, [ 0.  0.  0.  0.  0.  0.]
0, 100, 7.72810850612, 7.83609071799, 0.0260135135135, 0.154392401797, 0.0, [ 0.  0.  0.  0.  0.  0.]
0, 101, 8.31201937789, 7.84075668524, 0.0402576489533, 0.153273433632, 0.0, [ 0.  0.  0.  0.  0.  0.]
0, 102, 7.21255762582, 7.83465766524, 0.0753205128205, 0.152516609158, 0.0, [ 0.  0.  0.  0.  0.  0.]
0, 103, 7.85282224029, 7.83483232462, 0.0392307692308, 0.151427322235, 0.0, [ 0.  0.  0.  0.  0.  0.]
0, 104, 8.85780070522, 7.84457488063, 0.0275263951735, 0.150247313406, 0.0, [ 0.  0.  0.  0.  0.  0.]
0, 105, 7.70531589136, 7.84326111658, 0.0412457912458, 0.149218997159, 0.0, [ 0.  0.  0.  0.  0.  0.]
0, 106, 7.62477292462, 7.84121917086, 0.35, 0.15109545513, 0.0, [ 0.  0.  0.  0.  0.  0.]
0, 107, 7.84684449618, 7.8412712572, 0.291666666667, 0.152397040422, 0.0, [ 0.  0.  0.  0.  0.  0.]
0, 108, 7.69488968615, 7.83992830701, 0.126984126984, 0.152163894427, 0.0, [ 0.  0.  0.  0.  0.  0.]
0, 109, 7.75705537286, 7.8391749167, 0.0458333333333, 0.151197252963, 0.0, [ 0.  0.  0.  0.  0.  0.]
0, 110, 8.02036095491, 7.84080722335, 0.138888888889, 0.1510863668, 0.0, [ 0.  0.  0.  0.  0.  0.]
0, 111, 7.37788292796, 7.83667397071, 0.0412457912458, 0.150105647375, 0.0, [ 0.  0.  0.  0.  0.  0.]
0, 112, 7.02662080807, 7.82950535865, 0.625, 0.154308252266, 0.0, [ 0.  0.  0.  0.  0.  0.]
0, 113, 8.10241825665, 7.83189933144, 0.163461538462, 0.15438854425, 0.0, [ 0.  0.  0.  0.  0.  0.]
0, 114, 8.10425564222, 7.83426764719, 0.0351851851852, 0.153351993301, 0.0, [ 0.  0.  0.  0.  0.  0.]
0, 115, 8.09977650382, 7.83655651664, 0.0400641025641, 0.152375373554, 0.0, [ 0.  0.  0.  0.  0.  0.]
0, 116, 7.05558994218, 7.82988158866, 0.416666666667, 0.154634273495, 0.0, [ 0.  0.  0.  0.  0.  0.]
0, 117, 7.52693404836, 7.82731423662, 0.100961538462, 0.154179419808, 0.0, [ 0.  0.  0.  0.  0.  0.]
0, 118, 7.66287970117, 7.8259324338, 0.175, 0.154354382667, 0.0, [ 0.  0.  0.  0.  0.  0.]
0, 119, 8.10126401433, 7.82822686364, 0.12380952381, 0.154099842176, 0.0, [ 0.  0.  0.  0.  0.  0.]
0, 120, 8.19564521565, 7.83126337894, 0.0278637770898, 0.153056568911, 0.0, [ 0.  0.  0.  0.  0.  0.]
0, 121, 8.47745366536, 7.83656002064, 0.0940170940171, 0.152572638789, 0.0, [ 0.  0.  0.  0.  0.  0.]
0, 122, 7.73636171751, 7.83574540028, 0.163461538462, 0.152661166429, 0.0, [ 0.  0.  0.  0.  0.  0.]
0, 123, 7.1833733076, 7.83048433502, 0.0571895424837, 0.151891233978, 0.0, [ 0.  0.  0.  0.  0.  0.]
0, 124, 7.75363088253, 7.8298695074, 0.0833333333333, 0.151342770772, 0.0, [ 0.  0.  0.  0.  0.  0.]
0, 125, 7.61646181572, 7.82817579556, 0.12380952381, 0.151124252939, 0.0, [ 0.  0.  0.  0.  0.  0.]
0, 126, 7.68661043631, 7.82706110769, 0.0274024024024, 0.15015006514, 0.0, [ 0.  0.  0.  0.  0.  0.]
0, 127, 8.03061667084, 7.82865138553, 0.111111111111, 0.149845073312, 0.0, [ 0.  0.  0.  0.  0.  0.]
0, 128, 7.08719060426, 7.82290362754, 0.0544117647059, 0.149105280222, 0.0, [ 0.  0.  0.  0.  0.  0.]
0, 129, 8.01420504228, 7.82437517688, 0.0400641025641, 0.148266501932, 0.0, [ 0.  0.  0.  0.  0.  0.]
0, 130, 7.73187298036, 7.82366905324, 0.375, 0.149997291993, 0.0, [ 0.  0.  0.  0.  0.  0.]
0, 131, 7.98175018865, 7.8248666376, 0.138888888889, 0.149913137424, 0.0, [ 0.  0.  0.  0.  0.  0.]
0, 132, 7.82891486764, 7.82489707542, 0.0544117647059, 0.149195081991, 0.0, [ 0.  0.  0.  0.  0.  0.]
0, 133, 7.59054708699, 7.82314819491, 0.142857142857, 0.149147783937, 0.0, [ 0.  0.  0.  0.  0.  0.]
0, 134, 8.01546799112, 7.824572786, 0.0383522727273, 0.148327076447, 0.0, [ 0.  0.  0.  0.  0.  0.]
0, 135, 8.47270851151, 7.82933848986, 0.107954545455, 0.148030219601, 0.0, [ 0.  0.  0.  0.  0.  0.]
0, 136, 7.81934041311, 7.8292655112, 0.0411290322581, 0.147249918964, 0.0, [ 0.  0.  0.  0.  0.  0.]
0, 137, 8.04811659773, 7.83085138864, 0.0769230769231, 0.146740304166, 0.0, [ 0.  0.  0.  0.  0.  0.]
0, 138, 7.62794741927, 7.82939164785, 0.0602006688963, 0.146117716862, 0.0, [ 0.  0.  0.  0.  0.  0.]
0, 139, 7.09864985348, 7.8241720636, 0.295454545455, 0.147184408495, 0.0, [ 0.  0.  0.  0.  0.  0.]
0, 140, 7.96921507782, 7.82520073746, 0.146739130435, 0.147181250495, 0.0, [ 0.  0.  0.  0.  0.  0.]
0, 141, 7.55553998671, 7.82330171809, 0.291666666667, 0.148198753425, 0.0, [ 0.  0.  0.  0.  0.  0.]
0, 142, 7.7179185234, 7.82256477267, 0.0348557692308, 0.147406145144, 0.0, [ 0.  0.  0.  0.  0.  0.]
0, 143, 7.21546656595, 7.8183488129, 0.583333333333, 0.150433417285, 0.0, [ 0.  0.  0.  0.  0.  0.]
0, 144, 7.44299749431, 7.81576018312, 0.288461538462, 0.151385335362, 0.0, [ 0.  0.  0.  0.  0.  0.]
0, 145, 7.35585295203, 7.81261013359, 0.35, 0.152745709777, 0.0, [ 0.  0.  0.  0.  0.  0.]
0, 146, 7.85504971251, 7.81289883821, 0.045, 0.152012745765, 0.0, [ 0.  0.  0.  0.  0.  0.]
0, 147, 6.88991765617, 7.80666247887, 0.75, 0.156053200185, 0.0, [ 0.  0.  0.  0.  0.  0.]
0, 148, 7.53133317998, 7.80481463123, 0.049043062201, 0.15533501134, 0.0, [ 0.  0.  0.  0.  0.  0.]
0, 149, 6.83817436881, 7.79837036281, 0.151315789474, 0.155308216527, 0.0, [ 0.  0.  0.  0.  0.  0.]
0, 150, 8.30179276695, 7.80170428602, 0.0606617647059, 0.154681418833, 0.0, [ 0.  0.  0.  0.  0.  0.]
0, 151, 8.30612287271, 7.80502282935, 0.0417391304348, 0.153938377462, 0.0, [ 0.  0.  0.  0.  0.  0.]
0, 152, 8.0247188254, 7.8064587509, 0.133333333333, 0.153803703971, 0.0, [ 0.  0.  0.  0.  0.  0.]
0, 153, 7.55770161943, 7.80484344485, 0.0909090909091, 0.153395297393, 0.0, [ 0.  0.  0.  0.  0.  0.]
0, 154, 7.86261610186, 7.80521617167, 0.0590277777778, 0.152786474686, 0.0, [ 0.  0.  0.  0.  0.  0.]
0, 155, 7.5657143401, 7.80368090352, 0.0645833333333, 0.152221069933, 0.0, [ 0.  0.  0.  0.  0.  0.]
0, 156, 8.24123103138, 7.80646784701, 0.0267094017094, 0.151421632556, 0.0, [ 0.  0.  0.  0.  0.  0.]
0, 157, 9.29842111556, 7.81591058921, 0.023823028928, 0.150614046457, 0.0, [ 0.  0.  0.  0.  0.  0.]
0, 158, 7.11862035824, 7.81152511606, 0.6, 0.153440373209, 0.0, [ 0.  0.  0.  0.  0.  0.]
0, 159, 7.81167107988, 7.81152602834, 0.0312805474096, 0.152676874298, 0.0, [ 0.  0.  0.  0.  0.  0.]
0, 160, 7.44578514662, 7.80925434584, 0.0717948717949, 0.152174501611, 0.0, [ 0.  0.  0.  0.  0.  0.]
0, 161, 7.78696257961, 7.80911674234, 0.0364721485411, 0.151460289555, 0.0, [ 0.  0.  0.  0.  0.  0.]
0, 162, 8.04126318158, 7.81054095363, 0.375, 0.152831698822, 0.0, [ 0.  0.  0.  0.  0.  0.]
0, 163, 7.06306655531, 7.80598318291, 0.225, 0.153271749439, 0.0, [ 0.  0.  0.  0.  0.  0.]
0, 164, 7.35020628003, 7.80322089865, 0.0787878787879, 0.152820332041, 0.0, [ 0.  0.  0.  0.  0.  0.]
0, 165, 7.50619419875, 7.80143158118, 0.333333333333, 0.15390775976, 0.0, [ 0.  0.  0.  0.  0.  0.]
0, 166, 9.28283045061, 7.81030223309, 0.0224974721941, 0.15312087181, 0.0, [ 0.  0.  0.  0.  0.  0.]
0, 167, 7.92886984436, 7.81100799268, 0.1625, 0.153176699954, 0.0, [ 0.  0.  0.  0.  0.  0.]
0, 168, 7.92893071579, 7.81170576027, 0.126315789474, 0.153017759655, 0.0, [ 0.  0.  0.  0.  0.  0.]
0, 169, 6.99436995591, 7.8068979026, 0.152777777778, 0.153016347997, 0.0, [ 0.  0.  0.  0.  0.  0.]
0, 170, 7.58011508529, 7.8055716873, 0.0601851851852, 0.1524734757, 0.0, [ 0.  0.  0.  0.  0.  0.]
0, 171, 7.91331606306, 7.80619810808, 0.25, 0.153040490376, 0.0, [ 0.  0.  0.  0.  0.  0.]
0, 172, 7.77477034001, 7.80601644469, 0.0515873015873, 0.152454055759, 0.0, [ 0.  0.  0.  0.  0.  0.]
0, 173, 7.437797096, 7.80390024153, 0.333333333333, 0.153493591837, 0.0, [ 0.  0.  0.  0.  0.  0.]
0, 174, 7.52458125464, 7.80230413304, 0.0678733031674, 0.153004333045, 0.0, [ 0.  0.  0.  0.  0.  0.]
0, 175, 8.82332657608, 7.80810539692, 0.0328663793103, 0.152321731035, 0.0, [ 0.  0.  0.  0.  0.  0.]
0, 176, 7.04348516856, 7.80378550862, 0.0569800569801, 0.151783077509, 0.0, [ 0.  0.  0.  0.  0.  0.]
0, 177, 7.0113490247, 7.79933361826, 0.1625, 0.151843284939, 0.0, [ 0.  0.  0.  0.  0.  0.]
0, 178, 7.85668815884, 7.79965403469, 0.0480549199085, 0.151263461671, 0.0, [ 0.  0.  0.  0.  0.  0.]
0, 179, 7.90871851192, 7.80025994845, 0.0357142857143, 0.150621521804, 0.0, [ 0.  0.  0.  0.  0.  0.]
0, 180, 7.91328655107, 7.80088440482, 0.0357142857143, 0.149986675196, 0.0, [ 0.  0.  0.  0.  0.  0.]
0, 181, 7.62784559299, 7.79993364212, 0.333333333333, 0.150994074416, 0.0, [ 0.  0.  0.  0.  0.  0.]
0, 182, 6.65960287413, 7.79370232645, 0.15625, 0.151022795321, 0.0, [ 0.  0.  0.  0.  0.  0.]
0, 183, 8.2329893787, 7.79608975608, 0.0307765151515, 0.150369282929, 0.0, [ 0.  0.  0.  0.  0.  0.]
0, 184, 7.59253954409, 7.79498948466, 0.0317540322581, 0.149728119412, 0.0, [ 0.  0.  0.  0.  0.  0.]
0, 185, 8.48745533092, 7.79871241932, 0.171428571429, 0.149844788509, 0.0, [ 0.  0.  0.  0.  0.  0.]
0, 186, 9.1044070754, 7.80569474368, 0.0243902439024, 0.149173908591, 0.0, [ 0.  0.  0.  0.  0.  0.]
0, 187, 7.44420466884, 7.80377192414, 0.146739130435, 0.149160957643, 0.0, [ 0.  0.  0.  0.  0.  0.]
0, 188, 8.4833873117, 7.80736777275, 0.196428571429, 0.149411050838, 0.0, [ 0.  0.  0.  0.  0.  0.]
0, 189, 8.3214651526, 7.81007354843, 0.0244484197973, 0.14875335278, 0.0, [ 0.  0.  0.  0.  0.  0.]
0, 190, 7.97984241291, 7.81096239065, 0.0842391304348, 0.148415581982, 0.0, [ 0.  0.  0.  0.  0.  0.]
0, 191, 7.43715830591, 7.80901549438, 0.333333333333, 0.149378695271, 0.0, [ 0.  0.  0.  0.  0.  0.]
0, 192, 7.08391753832, 7.80525851015, 0.333333333333, 0.15033182811, 0.0, [ 0.  0.  0.  0.  0.  0.]
0, 193, 6.99799187327, 7.80109734192, 0.35, 0.151361045491, 0.0, [ 0.  0.  0.  0.  0.  0.]
0, 194, 7.6702510105, 7.80042633509, 0.0606617647059, 0.150895920974, 0.0, [ 0.  0.  0.  0.  0.  0.]
0, 195, 7.44649776035, 7.79862057706, 0.375, 0.152039309133, 0.0, [ 0.  0.  0.  0.  0.  0.]
0, 196, 7.55419005524, 7.79737981299, 0.0651260504202, 0.151598125078, 0.0, [ 0.  0.  0.  0.  0.  0.]
0, 197, 7.69508223219, 7.79686315854, 0.0370879120879, 0.151019790669, 0.0, [ 0.  0.  0.  0.  0.  0.]
0, 198, 8.82297547795, 7.80201950185, 0.0441176470588, 0.150482593968, 0.0, [ 0.  0.  0.  0.  0.  0.]
0, 199, 8.43544733761, 7.80518664103, 0.0304147465438, 0.149882254731, 0.0, [ 0.  0.  0.  0.  0.  0.]
0, 200, 7.73286793162, 7.80482684646, 0.0328663793103, 0.149300086196, 0.0, [ 0.  0.  0.  0.  0.  0.]
0, 201, 7.3928942881, 7.80278757636, 0.0477272727273, 0.148797250486, 0.0, [ 0.  0.  0.  0.  0.  0.]
0, 202, 7.47131143192, 7.80115468895, 0.077380952381, 0.148445446062, 0.0, [ 0.  0.  0.  0.  0.  0.]
0, 203, 8.04728574708, 7.80236121375, 0.0811688311688, 0.148115658734, 0.0, [ 0.  0.  0.  0.  0.  0.]
0, 204, 7.26427952959, 7.79973642505, 0.555555555556, 0.150103170426, 0.0, [ 0.  0.  0.  0.  0.  0.]
0, 205, 7.91737555675, 7.80030748879, 0.0253530166881, 0.149497587155, 0.0, [ 0.  0.  0.  0.  0.  0.]
0, 206, 8.97838406466, 7.80599867998, 0.022001934236, 0.148881666126, 0.0, [ 0.  0.  0.  0.  0.  0.]
0, 207, 7.78009827241, 7.80587415879, 0.0259784075574, 0.148290785076, 0.0, [ 0.  0.  0.  0.  0.  0.]
0, 208, 7.96433534805, 7.8066323463, 0.0345238095238, 0.14774644548, 0.0, [ 0.  0.  0.  0.  0.  0.]
0, 209, 7.15949517366, 7.80355074071, 0.291666666667, 0.148431779866, 0.0, [ 0.  0.  0.  0.  0.  0.]
0, 210, 8.02376965162, 7.80459443223, 0.0408333333333, 0.147921834622, 0.0, [ 0.  0.  0.  0.  0.  0.]
0, 211, 7.65039996442, 7.80386709984, 0.0358974358974, 0.147393417647, 0.0, [ 0.  0.  0.  0.  0.  0.]
0, 212, 7.95960524579, 7.80459826484, 0.0345238095238, 0.146863513383, 0.0, [ 0.  0.  0.  0.  0.  0.]
0, 213, 8.03635535199, 7.80568124189, 0.0385185185185, 0.146357228361, 0.0, [ 0.  0.  0.  0.  0.  0.]
0, 214, 7.91379026252, 7.80618407454, 0.114583333333, 0.146209442802, 0.0, [ 0.  0.  0.  0.  0.  0.]
0, 215, 7.09593918403, 7.80289590375, 0.541666666667, 0.148040263283, 0.0, [ 0.  0.  0.  0.  0.  0.]
0, 216, 7.60454870916, 7.80198186138, 0.0344827586207, 0.14751695681, 0.0, [ 0.  0.  0.  0.  0.  0.]
0, 217, 7.71427855386, 7.80157955263, 0.0351851851852, 0.147001673454, 0.0, [ 0.  0.  0.  0.  0.  0.]
0, 218, 7.0259174617, 7.7980377166, 0.75, 0.14975509047, 0.0, [ 0.  0.  0.  0.  0.  0.]
0, 219, 7.92180732595, 7.79860030573, 0.133928571429, 0.149683151747, 0.0, [ 0.  0.  0.  0.  0.  0.]
0, 220, 7.25741525158, 7.79615150458, 0.0370879120879, 0.149173671025, 0.0, [ 0.  0.  0.  0.  0.  0.]
0, 221, 6.99652702753, 7.79254959252, 0.208333333333, 0.14944015599, 0.0, [ 0.  0.  0.  0.  0.  0.]
0, 222, 7.70064772977, 7.79213747655, 0.0267094017094, 0.148889793863, 0.0, [ 0.  0.  0.  0.  0.  0.]
0, 223, 7.7312450161, 7.7918656352, 0.0463157894737, 0.148431874201, 0.0, [ 0.  0.  0.  0.  0.  0.]
0, 224, 8.15711239244, 7.79348895413, 0.0358851674641, 0.147931666616, 0.0, [ 0.  0.  0.  0.  0.  0.]
0, 225, 7.37950181579, 7.79165715263, 0.225, 0.14827267694, 0.0, [ 0.  0.  0.  0.  0.  0.]
0, 226, 7.97601190443, 7.7924692881, 0.0801282051282, 0.147972481029, 0.0, [ 0.  0.  0.  0.  0.  0.]
0, 227, 6.37894970337, 7.7862696408, 1.0, 0.151709443832, 0.00438596491228, [ 0.  0.  0.  0.  0.  0.]
0, 228, 7.33376547301, 7.78429364006, 0.0370879120879, 0.151208913125, 0.00436681222707, [ 0.  0.  0.  0.  0.  0.]
0, 229, 7.78028407981, 7.78427620719, 0.145833333333, 0.151185541039, 0.00434782608696, [ 0.  0.  0.  0.  0.  0.]
0, 230, 7.75517688548, 7.7841502361, 0.375, 0.152154434801, 0.004329004329, [ 0.  0.  0.  0.  0.  0.]
0, 231, 8.18196937021, 7.78586497375, 0.049043062201, 0.15170998923, 0.00431034482759, [ 0.  0.  0.  0.  0.  0.]
0, 232, 8.4629540867, 7.78877093561, 0.0540935672515, 0.151291034629, 0.00429184549356, [ 0.  0.  0.  0.  0.  0.]
0, 233, 8.50020080373, 7.79181123419, 0.0253205128205, 0.150752699065, 0.0042735042735, [ 0.  0.  0.  0.  0.  0.]
0, 234, 7.40312225776, 7.79015723855, 0.5, 0.152238857793, 0.00425531914894, [ 0.  0.  0.  0.  0.  0.]
0, 235, 7.56012293128, 7.78918251691, 0.0344827586207, 0.151739891271, 0.00423728813559, [ 0.  0.  0.  0.  0.  0.]
0, 236, 7.72152972893, 7.7888970621, 0.0328663793103, 0.151238315271, 0.0042194092827, [ 0.  0.  0.  0.  0.  0.]
0, 237, 7.2496018585, 7.78663111587, 0.625, 0.153228910585, 0.00420168067227, [ 0.  0.  0.  0.  0.  0.]
0, 238, 7.47559381518, 7.78532970457, 0.0627450980392, 0.152850317227, 0.00418410041841, [ 0.  0.  0.  0.  0.  0.]
0, 239, 7.9633215943, 7.78607133744, 0.0972222222222, 0.152618533498, 0.00416666666667, [ 0.  0.  0.  0.  0.  0.]
0, 240, 7.66299615561, 7.78556065204, 0.0871212121212, 0.15234676038, 0.00414937759336, [ 0.  0.  0.  0.  0.  0.]
0, 241, 7.02810734891, 7.78243067972, 0.35, 0.153163509304, 0.00413223140496, [ 0.  0.  0.  0.  0.  0.]
0, 242, 7.71721914295, 7.78216231948, 0.1, 0.152944729431, 0.00411522633745, [ 0.  0.  0.  0.  0.  0.]
0, 243, 7.24230854353, 7.77994980401, 0.0690476190476, 0.152600888814, 0.00409836065574, [ 0.  0.  0.  0.  0.  0.]
0, 244, 7.68163366844, 7.77954851366, 0.0256578947368, 0.152082754145, 0.00408163265306, [ 0.  0.  0.  0.  0.  0.]
0, 245, 8.3134076168, 7.78171867261, 0.0272058823529, 0.151575124584, 0.00406504065041, [ 0.  0.  0.  0.  0.  0.]
0, 246, 7.41187194274, 7.78022131743, 0.0318181818182, 0.151090278662, 0.00404858299595, [ 0.  0.  0.  0.  0.  0.]
0, 247, 9.40321863106, 7.78676566144, 0.0274024024024, 0.150591537226, 0.00403225806452, [ 0.  0.  0.  0.  0.  0.]
0, 248, 7.42925806036, 7.78532988794, 0.145833333333, 0.150572427973, 0.00401606425703, [ 0.  0.  0.  0.  0.  0.]
0, 249, 7.62950081639, 7.78470657165, 0.0303308823529, 0.150091461791, 0.004, [ 0.  0.  0.  0.  0.  0.]
0, 250, 7.41501813711, 7.78323370937, 0.121428571429, 0.149977267008, 0.00398406374502, [ 0.  0.  0.  0.  0.  0.]
0, 251, 9.15904113651, 7.78869326265, 0.0281746031746, 0.149493923104, 0.00396825396825, [ 0.  0.  0.  0.  0.  0.]
0, 252, 8.90248499729, 7.79309560152, 0.0308586762075, 0.149025009085, 0.00395256916996, [ 0.  0.  0.  0.  0.  0.]
0, 253, 7.57714841262, 7.79224541574, 0.140151515152, 0.148990074069, 0.00393700787402, [ 0.  0.  0.  0.  0.  0.]
0, 254, 7.48525832515, 7.79104154479, 0.0392307692308, 0.148559645423, 0.00392156862745, [ 0.  0.  0.  0.  0.  0.]
0, 255, 7.29903698183, 7.78911965197, 0.077380952381, 0.148281603653, 0.00390625, [ 0.  0.  0.  0.  0.  0.]
0, 256, 7.84852429063, 7.78935079842, 0.0345238095238, 0.147838966322, 0.00389105058366, [ 0.  0.  0.  0.  0.  0.]
0, 257, 7.61950387493, 7.78869247701, 0.0402576489533, 0.147421984472, 0.00387596899225, [ 0.  0.  0.  0.  0.  0.]
0, 258, 7.58280862235, 7.78789755866, 0.037037037037, 0.146995787764, 0.003861003861, [ 0.  0.  0.  0.  0.  0.]
0, 259, 8.93447836628, 7.79230748484, 0.030017921147, 0.146545872892, 0.00384615384615, [ 0.  0.  0.  0.  0.  0.]
0, 260, 7.60823171898, 7.79160221371, 0.171428571429, 0.146641208902, 0.00383141762452, [ 0.  0.  0.  0.  0.  0.]
0, 261, 8.1798768814, 7.79308417809, 0.0397058823529, 0.1462330588, 0.00381679389313, [ 0.  0.  0.  0.  0.  0.]
0, 262, 7.10314204927, 7.79046082398, 0.625, 0.148053465421, 0.00380228136882, [ 0.  0.  0.  0.  0.  0.]
0, 263, 8.00973601387, 7.79129141182, 0.0625, 0.147729399264, 0.00378787878788, [ 0.  0.  0.  0.  0.  0.]
0, 264, 8.00341096019, 7.79209186295, 0.030834914611, 0.147288288001, 0.00377358490566, [ 0.  0.  0.  0.  0.  0.]
0, 265, 7.7692117036, 7.79200584731, 0.0575657894737, 0.146950985375, 0.00375939849624, [ 0.  0.  0.  0.  0.  0.]
0, 266, 7.19012061321, 7.7897515955, 0.225, 0.147243303782, 0.00374531835206, [ 0.  0.  0.  0.  0.  0.]
0, 267, 8.63392796473, 7.79290150733, 0.0270467836257, 0.146794809304, 0.00373134328358, [ 0.  0.  0.  0.  0.  0.]
0, 268, 7.89230593392, 7.79327104051, 0.0323928944619, 0.146369523375, 0.00371747211896, [ 0.  0.  0.  0.  0.  0.]
0, 269, 8.03600477567, 7.79417005434, 0.103333333333, 0.146210130079, 0.0037037037037, [ 0.  0.  0.  0.  0.  0.]
0, 270, 7.77378848457, 7.7940948456, 0.0477272727273, 0.145846724701, 0.00369003690037, [ 0.  0.  0.  0.  0.  0.]
0, 271, 7.94000944876, 7.79463129635, 0.0298245614035, 0.14542017263, 0.00367647058824, [ 0.  0.  0.  0.  0.  0.]
0, 272, 7.63889136779, 7.79406082042, 0.0697115384615, 0.145142851626, 0.003663003663, [ 0.  0.  0.  0.  0.  0.]
0, 273, 7.59683359131, 7.79334101301, 0.0811688311688, 0.144909369799, 0.0036496350365, [ 0.  0.  0.  0.  0.  0.]
0, 274, 7.84548288665, 7.79353061983, 0.0405844155844, 0.144530006329, 0.00363636363636, [ 0.  0.  0.  0.  0.  0.]
0, 275, 7.81805046396, 7.79361945984, 0.0246951219512, 0.144095821966, 0.0036231884058, [ 0.  0.  0.  0.  0.  0.]
0, 276, 7.55824902098, 7.79276974707, 0.077380952381, 0.143854974061, 0.00361010830325, [ 0.  0.  0.  0.  0.  0.]
0, 277, 7.07184937329, 7.79017650831, 0.225, 0.144146862643, 0.00359712230216, [ 0.  0.  0.  0.  0.  0.]
0, 278, 7.68103806421, 7.78978533109, 0.0307765151515, 0.143740517312, 0.00358422939068, [ 0.  0.  0.  0.  0.  0.]
0, 279, 8.55503878476, 7.79251837914, 0.0294117647059, 0.143332200338, 0.00357142857143, [ 0.  0.  0.  0.  0.  0.]
0, 280, 8.2739011526, 7.7942314851, 0.1125, 0.143222477205, 0.00355871886121, [ 0.  0.  0.  0.  0.  0.]
0, 281, 7.27831864809, 7.79240200695, 0.666666666667, 0.145078662274, 0.00354609929078, [ 0.  0.  0.  0.  0.  0.]
0, 282, 7.01433224426, 7.78965264383, 0.266666666667, 0.145508301866, 0.00353356890459, [ 0.  0.  0.  0.  0.  0.]
0, 283, 8.23114273483, 7.79120718641, 0.0425724637681, 0.145145851732, 0.00352112676056, [ 0.  0.  0.  0.  0.  0.]
0, 284, 7.60081183426, 7.79053913254, 0.0378571428571, 0.144769400122, 0.00350877192982, [ 0.  0.  0.  0.  0.  0.]
0, 285, 7.78888963855, 7.79053336508, 0.0741758241758, 0.144522569437, 0.0034965034965, [ 0.  0.  0.  0.  0.  0.]
0, 286, 8.78407323095, 7.79399517646, 0.0253530166881, 0.144107344514, 0.00348432055749, [ 0.  0.  0.  0.  0.  0.]
0, 287, 8.06955012625, 7.79495196448, 0.291666666667, 0.144619703272, 0.00347222222222, [ 0.  0.  0.  0.  0.  0.]
0, 288, 7.80067620395, 7.79497177153, 0.0645833333333, 0.144342760815, 0.00346020761246, [ 0.  0.  0.  0.  0.  0.]
0, 289, 7.21514709943, 7.79297237611, 0.0811688311688, 0.144124919678, 0.00344827586207, [ 0.  0.  0.  0.  0.  0.]
0, 290, 6.54215354678, 7.78867402962, 0.75, 0.146206964628, 0.00343642611684, [ 0.  0.  0.  0.  0.  0.]
0, 291, 8.53605438878, 7.7912335514, 0.024099883856, 0.145788789694, 0.00342465753425, [ 0.  0.  0.  0.  0.  0.]
0, 292, 7.94970094471, 7.79177439574, 0.100961538462, 0.145635795662, 0.00341296928328, [ 0.  0.  0.  0.  0.  0.]
0, 293, 7.04574503402, 7.78923688091, 0.208333333333, 0.145849052593, 0.00340136054422, [ 0.  0.  0.  0.  0.  0.]
0, 294, 7.5201585225, 7.78832475088, 0.0393518518519, 0.145488045133, 0.00338983050847, [ 0.  0.  0.  0.  0.  0.]
0, 295, 8.25637173279, 7.78990599068, 0.0544117647059, 0.145180354996, 0.00337837837838, [ 0.  0.  0.  0.  0.  0.]
0, 296, 7.86954900644, 7.79017414898, 0.0590277777778, 0.144890278979, 0.003367003367, [ 0.  0.  0.  0.  0.  0.]
0, 297, 6.91678659667, 7.78724331827, 0.75, 0.146920848512, 0.00335570469799, [ 0.  0.  0.  0.  0.  0.]
0, 298, 7.49552283483, 7.78626766448, 0.0557275541796, 0.146615854217, 0.00334448160535, [ 0.  0.  0.  0.  0.  0.]
0, 299, 7.56724472291, 7.78553758801, 0.0627450980392, 0.14633628503, 0.00333333333333, [ 0.  0.  0.  0.  0.  0.]
0, 300, 7.33600608456, 7.78404412787, 0.0651260504202, 0.146066483586, 0.00332225913621, [ 0.  0.  0.  0.  0.  0.]
0, 301, 8.30387041915, 7.78576540698, 0.0465367965368, 0.145736915086, 0.00331125827815, [ 0.  0.  0.  0.  0.  0.]
0, 302, 7.27657923845, 7.78408492457, 0.0351851851852, 0.145372057891, 0.003300330033, [ 0.  0.  0.  0.  0.  0.]
0, 303, 9.77835636441, 7.79064502799, 0.0376984126984, 0.145017868269, 0.00328947368421, [ 0.  0.  0.  0.  0.  0.]
0, 304, 7.65355390058, 7.79019554889, 0.0377492877493, 0.144666168005, 0.00327868852459, [ 0.  0.  0.  0.  0.  0.]
0, 305, 7.68738169498, 7.7898595559, 0.208333333333, 0.144874230637, 0.00326797385621, [ 0.  0.  0.  0.  0.  0.]
0, 306, 7.14231855163, 7.78775030181, 0.583333333333, 0.146302436183, 0.00325732899023, [ 0.  0.  0.  0.  0.  0.]
0, 307, 7.34387893213, 7.786309161, 0.0717948717949, 0.146060528506, 0.00324675324675, [ 0.  0.  0.  0.  0.  0.]
0, 308, 6.65342136168, 7.78264285745, 0.75, 0.148015025178, 0.00323624595469, [ 0.  0.  0.  0.  0.  0.]
0, 309, 7.51819086083, 7.78178978649, 0.0357598978289, 0.147652911864, 0.00322580645161, [ 0.  0.  0.  0.  0.  0.]
0, 310, 6.53561248026, 7.7777827855, 0.75, 0.149589719221, 0.0032154340836, [ 0.  0.  0.  0.  0.  0.]
0, 311, 8.03074031015, 7.7785935468, 0.105555555556, 0.149448584081, 0.00320512820513, [ 0.  0.  0.  0.  0.  0.]
0, 312, 6.64693538954, 7.77497802553, 0.0811688311688, 0.149230437906, 0.00319488817891, [ 0.  0.  0.  0.  0.  0.]
0, 313, 7.50486864244, 7.77411780457, 0.1625, 0.149272697658, 0.0031847133758, [ 0.  0.  0.  0.  0.  0.]
0, 314, 8.32280998706, 7.77585968451, 0.1625, 0.149314689094, 0.0031746031746, [ 0.  0.  0.  0.  0.  0.]
0, 315, 7.21001995352, 7.77406905245, 0.0370879120879, 0.148959541065, 0.00316455696203, [ 0.  0.  0.  0.  0.  0.]
0, 316, 6.9939401752, 7.77160807807, 0.202380952381, 0.149128062868, 0.00315457413249, [ 0.  0.  0.  0.  0.  0.]
0, 317, 7.89429888131, 7.77199389821, 0.0425724637681, 0.148792982367, 0.00314465408805, [ 0.  0.  0.  0.  0.  0.]
0, 318, 8.94806194079, 7.77568063189, 0.0409698996656, 0.148454978973, 0.00313479623824, [ 0.  0.  0.  0.  0.  0.]
0, 319, 8.26890394069, 7.77722195473, 0.0575657894737, 0.148170950256, 0.003125, [ 0.  0.  0.  0.  0.  0.]
0, 320, 9.43752458657, 7.78239423707, 0.0299107142857, 0.147802538306, 0.00311526479751, [ 0.  0.  0.  0.  0.  0.]
0, 321, 7.26541154899, 7.78078870077, 0.0639730639731, 0.147542198324, 0.00310559006211, [ 0.  0.  0.  0.  0.  0.]
0, 322, 7.56838067566, 7.78013109078, 0.0542328042328, 0.14725331475, 0.0030959752322, [ 0.  0.  0.  0.  0.  0.]
0, 323, 7.61939209209, 7.77963498276, 0.121428571429, 0.147173608753, 0.00308641975309, [ 0.  0.  0.  0.  0.  0.]
0, 324, 8.43192026605, 7.78164201441, 0.0906593406593, 0.146999718697, 0.00307692307692, [ 0.  0.  0.  0.  0.  0.]
0, 325, 7.87090917839, 7.78191584006, 0.0333704115684, 0.14665116254, 0.00306748466258, [ 0.  0.  0.  0.  0.  0.]
0, 326, 7.18378838786, 7.78008670412, 0.35, 0.147273024428, 0.00305810397554, [ 0.  0.  0.  0.  0.  0.]
0, 327, 7.98569909236, 7.78071357116, 0.0317540322581, 0.146920832379, 0.0030487804878, [ 0.  0.  0.  0.  0.  0.]
0, 328, 7.69621331309, 7.78045673147, 0.1, 0.146778215867, 0.00303951367781, [ 0.  0.  0.  0.  0.  0.]
0, 329, 7.57386134054, 7.77983068483, 0.0303308823529, 0.14642534516, 0.0030303030303, [ 0.  0.  0.  0.  0.  0.]
0, 330, 7.83998031633, 7.78001240577, 0.0839160839161, 0.146236495428, 0.00302114803625, [ 0.  0.  0.  0.  0.  0.]
0, 331, 8.53508236151, 7.78228671287, 0.0456349206349, 0.145933478636, 0.00301204819277, [ 0.  0.  0.  0.  0.  0.]
0, 332, 7.84356747393, 7.78247073918, 0.0763157894737, 0.145724416507, 0.003003003003, [ 0.  0.  0.  0.  0.  0.]
0, 333, 7.08458491861, 7.78038126067, 0.25, 0.146036618852, 0.00299401197605, [ 0.  0.  0.  0.  0.  0.]
0, 334, 8.27651423695, 7.78186225463, 0.0408333333333, 0.145722579194, 0.00298507462687, [ 0.  0.  0.  0.  0.  0.]
0, 335, 7.96809330575, 7.78241651371, 0.166666666667, 0.145784912788, 0.00297619047619, [ 0.  0.  0.  0.  0.  0.]
0, 336, 7.35274134181, 7.7811415132, 0.268518518519, 0.146149107464, 0.00296735905045, [ 0.  0.  0.  0.  0.  0.]
0, 337, 6.55982608173, 7.77752815394, 0.266666666667, 0.14650566829, 0.00295857988166, [ 0.  0.  0.  0.  0.  0.]
0, 338, 7.65903095085, 7.77717860466, 0.266666666667, 0.146860125512, 0.00294985250737, [ 0.  0.  0.  0.  0.  0.]
0, 339, 7.40107136925, 7.77607240691, 0.0425724637681, 0.146553397095, 0.00294117647059, [ 0.  0.  0.  0.  0.  0.]
0, 340, 8.02635939258, 7.77680638634, 0.0246951219512, 0.146196041449, 0.00293255131965, [ 0.  0.  0.  0.  0.  0.]
0, 341, 7.64931770247, 7.77643361241, 0.0253530166881, 0.145842699272, 0.00292397660819, [ 0.  0.  0.  0.  0.  0.]
0, 342, 8.01906774537, 7.77714100056, 0.0427272727273, 0.145542071206, 0.00291545189504, [ 0.  0.  0.  0.  0.  0.]
0, 343, 7.10442793573, 7.77518543932, 0.666666666667, 0.147056968286, 0.00290697674419, [ 0.  0.  0.  0.  0.  0.]
0, 344, 8.07641206293, 7.77605855997, 0.0486425339367, 0.146771709056, 0.00289855072464, [ 0.  0.  0.  0.  0.  0.]
0, 345, 9.02681757515, 7.77967347042, 0.0294372294372, 0.146432592063, 0.0028901734104, [ 0.  0.  0.  0.  0.  0.]
0, 346, 7.35703628422, 7.77845549582, 0.666666666667, 0.147931825707, 0.0028818443804, [ 0.  0.  0.  0.  0.  0.]
0, 347, 6.68544887201, 7.77531467219, 0.35, 0.14851248138, 0.00287356321839, [ 0.  0.  0.  0.  0.  0.]
0, 348, 8.07374603215, 7.77616977637, 0.0606617647059, 0.148260760129, 0.00286532951289, [ 0.  0.  0.  0.  0.  0.]
0, 349, 7.42268709466, 7.77515982585, 0.291666666667, 0.148670491291, 0.00285714285714, [ 0.  0.  0.  0.  0.  0.]
0, 350, 6.98816762214, 7.77291768282, 0.128787878788, 0.148613845671, 0.002849002849, [ 0.  0.  0.  0.  0.  0.]
0, 351, 7.57240090925, 7.7723480329, 0.107954545455, 0.148498336295, 0.00284090909091, [ 0.  0.  0.  0.  0.  0.]
0, 352, 6.59900093836, 7.76902410345, 0.6, 0.149777377836, 0.0028328611898, [ 0.  0.  0.  0.  0.  0.]
0, 353, 6.58300375211, 7.76567376347, 0.375, 0.150413599932, 0.00282485875706, [ 0.  0.  0.  0.  0.  0.]
0, 354, 9.38248003556, 7.77022814734, 0.0294372294372, 0.150072821424, 0.00281690140845, [ 0.  0.  0.  0.  0.  0.]
0, 355, 8.43905676663, 7.77210687942, 0.0634920634921, 0.149829617048, 0.00280898876404, [ 0.  0.  0.  0.  0.  0.]
0, 356, 7.02552534562, 7.77001561462, 0.35, 0.1503903184, 0.00280112044818, [ 0.  0.  0.  0.  0.  0.]
0, 357, 7.2246327061, 7.76849219867, 0.291666666667, 0.150784945072, 0.00279329608939, [ 0.  0.  0.  0.  0.  0.]
0, 358, 7.91308305816, 7.76889495872, 0.163461538462, 0.150820255917, 0.00278551532033, [ 0.  0.  0.  0.  0.  0.]
0, 359, 8.378563296, 7.77058848188, 0.0363756613757, 0.150502354265, 0.00277777777778, [ 0.  0.  0.  0.  0.  0.]
0, 360, 7.40280190075, 7.76956968249, 0.222222222222, 0.150701024259, 0.00277008310249, [ 0.  0.  0.  0.  0.  0.]
0, 361, 7.34055455398, 7.76838455782, 0.0940170940171, 0.150544438817, 0.00276243093923, [ 0.  0.  0.  0.  0.  0.]
0, 362, 8.2593157426, 7.76973698533, 0.375, 0.151162773696, 0.00275482093664, [ 0.  0.  0.  0.  0.  0.]
0, 363, 6.38601185533, 7.76593554267, 0.5, 0.152121117724, 0.00274725274725, [ 0.  0.  0.  0.  0.  0.]
0, 364, 8.624431051, 7.76828758515, 0.0309523809524, 0.151789148583, 0.0027397260274, [ 0.  0.  0.  0.  0.  0.]
0, 365, 7.42756317104, 7.76735664413, 0.077380952381, 0.1515858475, 0.00273224043716, [ 0.  0.  0.  0.  0.  0.]
0, 366, 7.80428531652, 7.76745726722, 0.0344827586207, 0.151266765514, 0.00272479564033, [ 0.  0.  0.  0.  0.  0.]
0, 367, 7.38412126996, 7.76641559331, 0.175, 0.151331257999, 0.00271739130435, [ 0.  0.  0.  0.  0.  0.]
0, 368, 8.18727412618, 7.76755613134, 0.121428571429, 0.151250220908, 0.00271002710027, [ 0.  0.  0.  0.  0.  0.]
0, 369, 6.80756772735, 7.76496156809, 0.35, 0.151787382473, 0.0027027027027, [ 0.  0.  0.  0.  0.  0.]
0, 370, 7.93685171572, 7.76542488385, 0.0416666666667, 0.151490561137, 0.00269541778976, [ 0.  0.  0.  0.  0.  0.]
0, 371, 8.24524969021, 7.76671473548, 0.133333333333, 0.151441751385, 0.00268817204301, [ 0.  0.  0.  0.  0.  0.]
0, 372, 7.80810892006, 7.76682571185, 0.116883116883, 0.15134910089, 0.00268096514745, [ 0.  0.  0.  0.  0.  0.]
0, 373, 7.7758729249, 7.76684990226, 0.0480549199085, 0.15107291324, 0.00267379679144, [ 0.  0.  0.  0.  0.  0.]
0, 374, 8.06418044278, 7.7676427837, 0.0662393162393, 0.150846690315, 0.00266666666667, [ 0.  0.  0.  0.  0.  0.]
0, 375, 7.3488065088, 7.76652885743, 0.35, 0.151376353373, 0.00265957446809, [ 0.  0.  0.  0.  0.  0.]
0, 376, 7.36873575813, 7.76547370332, 0.155555555556, 0.15138743879, 0.0026525198939, [ 0.  0.  0.  0.  0.  0.]
0, 377, 7.97244335237, 7.76602124208, 0.375, 0.151979006412, 0.0026455026455, [ 0.  0.  0.  0.  0.  0.]
0, 378, 9.05752400223, 7.76942890108, 0.0285947712418, 0.15165345434, 0.00263852242744, [ 0.  0.  0.  0.  0.  0.]
0, 379, 6.97193918339, 7.76733024392, 0.75, 0.153228050513, 0.00263157894737, [ 0.  0.  0.  0.  0.  0.]
0, 380, 7.58967583205, 7.76686395938, 0.0651260504202, 0.152996811667, 0.00262467191601, [ 0.  0.  0.  0.  0.  0.]
0, 381, 7.91739969901, 7.767258032, 0.0550595238095, 0.152740431333, 0.00261780104712, [ 0.  0.  0.  0.  0.  0.]
0, 382, 8.13170691893, 7.76820959567, 0.0729166666667, 0.152532014193, 0.00261096605744, [ 0.  0.  0.  0.  0.  0.]
0, 383, 8.04701742434, 7.76893565772, 0.0651260504202, 0.152304394495, 0.00260416666667, [ 0.  0.  0.  0.  0.  0.]
0, 384, 7.36955943377, 7.76789831688, 0.333333333333, 0.152774599531, 0.0025974025974, [ 0.  0.  0.  0.  0.  0.]
0, 385, 6.09872777197, 7.76357404086, 1.0, 0.154969483988, 0.00518134715026, [ 0.  0.  0.  0.  0.  0.]
0, 386, 7.60802866371, 7.76317211482, 0.183333333333, 0.155042775589, 0.00516795865633, [ 0.  0.  0.  0.  0.  0.]
0, 387, 6.79570705751, 7.76067864818, 0.118055555556, 0.154947447702, 0.00515463917526, [ 0.  0.  0.  0.  0.  0.]
0, 388, 8.60128849788, 7.76283959895, 0.0253205128205, 0.154614216507, 0.00514138817481, [ 0.  0.  0.  0.  0.  0.]
0, 389, 8.7990915732, 7.76549665529, 0.166666666667, 0.154645120225, 0.00512820512821, [ 0.  0.  0.  0.  0.  0.]
0, 390, 8.36625227914, 7.76703311469, 0.0526315789474, 0.154384216028, 0.00511508951407, [ 0.  0.  0.  0.  0.  0.]
0, 391, 7.99177638774, 7.76760643936, 0.0455486542443, 0.154106574289, 0.00510204081633, [ 0.  0.  0.  0.  0.  0.]
0, 392, 7.78405673516, 7.76764829762, 0.291666666667, 0.154456599969, 0.00508905852417, [ 0.  0.  0.  0.  0.  0.]
0, 393, 7.93156507913, 7.76806433006, 0.0588235294118, 0.15421387644, 0.00507614213198, [ 0.  0.  0.  0.  0.  0.]
0, 394, 6.80658844607, 7.7656302139, 0.180555555556, 0.154280564235, 0.00506329113924, [ 0.  0.  0.  0.  0.  0.]
0, 395, 7.47859011225, 7.76490536516, 0.0645833333333, 0.154054056076, 0.00505050505051, [ 0.  0.  0.  0.  0.  0.]
0, 396, 8.16639076956, 7.76591666341, 0.0666666666667, 0.153833936707, 0.00503778337531, [ 0.  0.  0.  0.  0.  0.]
0, 397, 8.38667565316, 7.76747635936, 0.030834914611, 0.153524893938, 0.00502512562814, [ 0.  0.  0.  0.  0.  0.]
0, 398, 6.27191122331, 7.76372807581, 0.666666666667, 0.154810963544, 0.00501253132832, [ 0.  0.  0.  0.  0.  0.]
0, 399, 6.37510470006, 7.76025651737, 0.555555555556, 0.155812825024, 0.005, [ 0.  0.  0.  0.  0.  0.]
0, 400, 7.27266671491, 7.7590405827, 0.142857142857, 0.15578051659, 0.00498753117207, [ 0.  0.  0.  0.  0.  0.]
0, 401, 6.78193123433, 7.75660996243, 0.75, 0.157258674509, 0.00497512437811, [ 0.  0.  0.  0.  0.  0.]
0, 402, 7.99047417067, 7.75719027064, 0.0515873015873, 0.156996462665, 0.00496277915633, [ 0.  0.  0.  0.  0.  0.]
0, 403, 7.69081788379, 7.75702598256, 0.154761904762, 0.156990931581, 0.0049504950495, [ 0.  0.  0.  0.  0.  0.]
0, 404, 7.77017949753, 7.75705846037, 0.0385185185185, 0.156698407104, 0.00493827160494, [ 0.  0.  0.  0.  0.  0.]
0, 405, 8.69098021275, 7.75935876025, 0.0283094098884, 0.156382178047, 0.00492610837438, [ 0.  0.  0.  0.  0.  0.]
0, 406, 7.81881477319, 7.75950484382, 0.0465367965368, 0.156112287675, 0.004914004914, [ 0.  0.  0.  0.  0.  0.]
0, 407, 8.20099567339, 7.76058692919, 0.0409698996656, 0.15583007594, 0.00490196078431, [ 0.  0.  0.  0.  0.  0.]
0, 408, 7.6331916801, 7.76027544936, 0.0435185185185, 0.155555475555, 0.00488997555012, [ 0.  0.  0.  0.  0.  0.]
0, 409, 5.92956055634, 7.75581029109, 0.666666666667, 0.156802088216, 0.00487804878049, [ 0.  0.  0.  0.  0.  0.]
0, 410, 9.37923681023, 7.75976023396, 0.0235326688815, 0.156477831721, 0.00486618004866, [ 0.  0.  0.  0.  0.  0.]
0, 411, 7.29442983672, 7.75863079125, 0.333333333333, 0.156907092648, 0.00485436893204, [ 0.  0.  0.  0.  0.  0.]
0, 412, 7.87158493005, 7.75890428795, 0.121794871795, 0.156822075164, 0.00484261501211, [ 0.  0.  0.  0.  0.  0.]
0, 413, 7.84395167047, 7.75910971641, 0.0811688311688, 0.156639337859, 0.0048309178744, [ 0.  0.  0.  0.  0.  0.]
0, 414, 8.31475854251, 7.76044862924, 0.0690476190476, 0.156428273477, 0.00481927710843, [ 0.  0.  0.  0.  0.  0.]
0, 415, 7.16541048161, 7.75901824908, 0.375, 0.156953686281, 0.00480769230769, [ 0.  0.  0.  0.  0.  0.]
0, 416, 6.80796836499, 7.75673755392, 0.118055555556, 0.156860405392, 0.00479616306954, [ 0.  0.  0.  0.  0.  0.]
0, 417, 9.25315082055, 7.76031748996, 0.0295138888889, 0.156555748654, 0.00478468899522, [ 0.  0.  0.  0.  0.  0.]
0, 418, 7.75383350378, 7.76030201505, 0.183333333333, 0.15661965697, 0.00477326968974, [ 0.  0.  0.  0.  0.  0.]
0, 419, 9.08613563171, 7.76345876176, 0.0289915966387, 0.156315780636, 0.0047619047619, [ 0.  0.  0.  0.  0.  0.]
0, 420, 7.7394792427, 7.76340180328, 0.0317540322581, 0.1560199095, 0.00475059382423, [ 0.  0.  0.  0.  0.  0.]
0, 421, 7.21704961638, 7.76210712985, 0.133928571429, 0.155967560358, 0.00473933649289, [ 0.  0.  0.  0.  0.  0.]
0, 422, 7.22122302285, 7.76082844402, 0.3125, 0.156337613406, 0.00472813238771, [ 0.  0.  0.  0.  0.  0.]
0, 423, 7.655735316, 7.76058058287, 0.0425724637681, 0.156069299374, 0.00471698113208, [ 0.  0.  0.  0.  0.  0.]
0, 424, 6.57048413894, 7.75778035594, 0.555555555556, 0.157009267036, 0.00470588235294, [ 0.  0.  0.  0.  0.  0.]
0, 425, 8.00612070581, 7.75836331451, 0.0888888888889, 0.156849360045, 0.00469483568075, [ 0.  0.  0.  0.  0.  0.]
0, 426, 7.68788317603, 7.75819825564, 0.05, 0.156599127352, 0.00468384074941, [ 0.  0.  0.  0.  0.  0.]
0, 427, 8.09144633619, 7.75897687265, 0.0732323232323, 0.156404345099, 0.00467289719626, [ 0.  0.  0.  0.  0.  0.]
0, 428, 7.8304844788, 7.75914355705, 0.0513157894737, 0.156159383431, 0.004662004662, [ 0.  0.  0.  0.  0.  0.]
0, 429, 8.20944089324, 7.76019076015, 0.0321428571429, 0.155870972905, 0.0046511627907, [ 0.  0.  0.  0.  0.  0.]
0, 430, 7.58710823342, 7.75978917656, 0.145454545455, 0.155846804859, 0.0046403712297, [ 0.  0.  0.  0.  0.  0.]
0, 431, 8.07217694344, 7.76051229639, 0.333333333333, 0.156257653305, 0.00462962962963, [ 0.  0.  0.  0.  0.  0.]
0, 432, 7.82566080855, 7.76066275485, 0.133928571429, 0.156206084987, 0.00461893764434, [ 0.  0.  0.  0.  0.  0.]
0, 433, 7.51038531466, 7.76008607872, 0.0385185185185, 0.155934915479, 0.00460829493088, [ 0.  0.  0.  0.  0.  0.]
0, 434, 7.48975109089, 7.75946461898, 0.121794871795, 0.15585643262, 0.00459770114943, [ 0.  0.  0.  0.  0.  0.]
0, 435, 7.96193804078, 7.75992900756, 0.0392307692308, 0.155588942566, 0.0045871559633, [ 0.  0.  0.  0.  0.  0.]
0, 436, 8.26116179052, 7.76107599334, 0.3, 0.155919402652, 0.0045766590389, [ 0.  0.  0.  0.  0.  0.]
0, 437, 7.02630924213, 7.75939844368, 0.2, 0.156020043285, 0.00456621004566, [ 0.  0.  0.  0.  0.  0.]
0, 438, 6.53620580245, 7.75661212786, 0.2, 0.156120225419, 0.00455580865604, [ 0.  0.  0.  0.  0.  0.]
0, 439, 8.34943555745, 7.75795945384, 0.0322580645161, 0.155838720507, 0.00454545454545, [ 0.  0.  0.  0.  0.  0.]
0, 440, 7.78606177015, 7.75802317791, 0.0532212885154, 0.155606027918, 0.00453514739229, [ 0.  0.  0.  0.  0.  0.]
0, 441, 6.45464221398, 7.7550743522, 0.5625, 0.156526602515, 0.00452488687783, [ 0.  0.  0.  0.  0.  0.]
0, 442, 7.46932457179, 7.75442931884, 0.0833333333333, 0.156361380689, 0.00451467268623, [ 0.  0.  0.  0.  0.  0.]
0, 443, 7.50865721722, 7.75387577807, 0.0645833333333, 0.156154673375, 0.0045045045045, [ 0.  0.  0.  0.  0.  0.]
0, 444, 8.14018970112, 7.75474389925, 0.1, 0.156028483098, 0.00449438202247, [ 0.  0.  0.  0.  0.  0.]
0, 445, 7.81994426142, 7.7548900884, 0.0480549199085, 0.155786389907, 0.00448430493274, [ 0.  0.  0.  0.  0.  0.]
0, 446, 7.92455951019, 7.75526966205, 0.0666666666667, 0.155587016924, 0.00447427293065, [ 0.  0.  0.  0.  0.  0.]
0, 447, 7.62795274872, 7.75498547251, 0.154761904762, 0.155585175156, 0.00446428571429, [ 0.  0.  0.  0.  0.  0.]
0, 448, 6.61769889701, 7.75245254027, 0.5625, 0.156491444253, 0.00445434298441, [ 0.  0.  0.  0.  0.  0.]
0, 449, 6.47648000557, 7.74961704575, 0.75, 0.157810352155, 0.00444444444444, [ 0.  0.  0.  0.  0.  0.]
0, 450, 7.56019574487, 7.74919704286, 0.0801282051282, 0.157638107927, 0.00443458980044, [ 0.  0.  0.  0.  0.  0.]
0, 451, 7.49323243635, 7.74863074949, 0.121428571429, 0.157557998333, 0.00442477876106, [ 0.  0.  0.  0.  0.  0.]
0, 452, 7.85248134758, 7.74886000026, 0.0777777777778, 0.157381883055, 0.00441501103753, [ 0.  0.  0.  0.  0.  0.]
0, 453, 8.10220161582, 7.74963828575, 0.0405844155844, 0.157124619911, 0.00440528634361, [ 0.  0.  0.  0.  0.  0.]
0, 454, 7.34928974454, 7.74875839885, 0.105555555556, 0.157011281308, 0.0043956043956, [ 0.  0.  0.  0.  0.  0.]
0, 455, 6.83032241526, 7.74674428485, 0.225, 0.157160379376, 0.00438596491228, [ 0.  0.  0.  0.  0.  0.]
0, 456, 7.44047046757, 7.74607410144, 0.0769230769231, 0.15698480541, 0.00437636761488, [ 0.  0.  0.  0.  0.  0.]
0, 457, 7.58836778058, 7.7457297645, 0.0317540322581, 0.156711375774, 0.00436681222707, [ 0.  0.  0.  0.  0.  0.]
0, 458, 8.79839021978, 7.7480231424, 0.0298573975045, 0.156435005451, 0.00435729847495, [ 0.  0.  0.  0.  0.  0.]
0, 459, 7.49873167384, 7.74748120442, 0.321428571429, 0.156793687116, 0.00434782608696, [ 0.  0.  0.  0.  0.  0.]
0, 460, 7.6196911241, 7.74720400251, 0.0622710622711, 0.156588648884, 0.00433839479393, [ 0.  0.  0.  0.  0.  0.]
0, 461, 6.98720178984, 7.74555897608, 0.333333333333, 0.156971213136, 0.004329004329, [ 0.  0.  0.  0.  0.  0.]
0, 462, 7.37060032527, 7.74474913018, 0.0364583333333, 0.156710926139, 0.00431965442765, [ 0.  0.  0.  0.  0.  0.]
0, 463, 6.59314790398, 7.74226723098, 0.118055555556, 0.156627617151, 0.00431034482759, [ 0.  0.  0.  0.  0.  0.]
0, 464, 7.91451902757, 7.74263766495, 0.0717703349282, 0.156445128372, 0.00430107526882, [ 0.  0.  0.  0.  0.  0.]
0, 465, 7.95775909084, 7.74309929892, 0.0408333333333, 0.156197034391, 0.00429184549356, [ 0.  0.  0.  0.  0.  0.]
0, 466, 7.81611238088, 7.74325564385, 0.3, 0.156504963653, 0.00428265524625, [ 0.  0.  0.  0.  0.  0.]
0, 467, 7.48034618013, 7.74269387149, 0.175, 0.156544482962, 0.0042735042735, [ 0.  0.  0.  0.  0.  0.]
0, 468, 7.81750541031, 7.74285338436, 0.0494117647059, 0.156316054991, 0.00426439232409, [ 0.  0.  0.  0.  0.  0.]
0, 469, 7.17604981737, 7.74164741933, 0.09375, 0.156182935725, 0.00425531914894, [ 0.  0.  0.  0.  0.  0.]
0, 470, 7.26698544081, 7.74063964443, 0.119047619048, 0.156104092165, 0.00424628450106, [ 0.  0.  0.  0.  0.  0.]
0, 471, 7.29655305829, 7.73969878301, 0.266666666667, 0.156338334908, 0.00423728813559, [ 0.  0.  0.  0.  0.  0.]
0, 472, 9.09383964096, 7.74256166009, 0.0301801801802, 0.156071615765, 0.00422832980973, [ 0.  0.  0.  0.  0.  0.]
0, 473, 7.84863336437, 7.74278544006, 0.0584415584416, 0.15586564518, 0.0042194092827, [ 0.  0.  0.  0.  0.  0.]
0, 474, 9.68757350716, 7.74687973073, 0.0255167958656, 0.155591226549, 0.00421052631579, [ 0.  0.  0.  0.  0.  0.]
0, 475, 8.25956558852, 7.74795680186, 0.0875, 0.155448177754, 0.00420168067227, [ 0.  0.  0.  0.  0.  0.]
0, 476, 6.88174571238, 7.74614084569, 0.375, 0.155908454111, 0.0041928721174, [ 0.  0.  0.  0.  0.  0.]
0, 477, 7.50940501978, 7.74564558246, 0.0871212121212, 0.155764547747, 0.00418410041841, [ 0.  0.  0.  0.  0.  0.]
0, 478, 8.0676249177, 7.74631777314, 0.0666666666667, 0.155578539645, 0.00417536534447, [ 0.  0.  0.  0.  0.  0.]
0, 479, 8.05178803084, 7.74695416951, 0.0732323232323, 0.155406985027, 0.00416666666667, [ 0.  0.  0.  0.  0.  0.]
0, 480, 7.24164247922, 7.74590362545, 0.238095238095, 0.155578894077, 0.004158004158, [ 0.  0.  0.  0.  0.  0.]
0, 481, 9.41359805285, 7.7493635724, 0.0241841491841, 0.155306290872, 0.00414937759336, [ 0.  0.  0.  0.  0.  0.]
0, 482, 7.91637086034, 7.74970934318, 0.0651260504202, 0.1551195823, 0.00414078674948, [ 0.  0.  0.  0.  0.  0.]
0, 483, 7.81939373784, 7.7498533192, 0.0787878787879, 0.154961872168, 0.00413223140496, [ 0.  0.  0.  0.  0.  0.]
0, 484, 8.09961864074, 7.75057448482, 0.0351851851852, 0.154714909927, 0.00412371134021, [ 0.  0.  0.  0.  0.  0.]
0, 485, 7.53873000696, 7.75013859083, 0.1625, 0.154730928631, 0.00411522633745, [ 0.  0.  0.  0.  0.  0.]
0, 486, 9.94635893554, 7.75464828353, 0.022001934236, 0.154458384495, 0.0041067761807, [ 0.  0.  0.  0.  0.  0.]
0, 487, 6.78265157485, 7.75265648699, 0.208333333333, 0.15456878398, 0.00409836065574, [ 0.  0.  0.  0.  0.  0.]
0, 488, 7.4022648022, 7.75193993958, 0.222222222222, 0.15470713457, 0.0040899795501, [ 0.  0.  0.  0.  0.  0.]
0, 489, 7.07513040266, 7.75055869563, 0.3125, 0.155029160826, 0.00408163265306, [ 0.  0.  0.  0.  0.  0.]
0, 490, 7.78907943155, 7.75063714927, 0.3, 0.155324417117, 0.0040733197556, [ 0.  0.  0.  0.  0.  0.]
0, 491, 6.37469053328, 7.7478405098, 0.555555555556, 0.156137895041, 0.00406504065041, [ 0.  0.  0.  0.  0.  0.]
0, 492, 7.83181426421, 7.74801084196, 0.0748663101604, 0.155973043956, 0.00405679513185, [ 0.  0.  0.  0.  0.  0.]
0, 493, 7.98837861125, 7.74849741639, 0.045, 0.155748402166, 0.00404858299595, [ 0.  0.  0.  0.  0.  0.]
0, 494, 7.79824461396, 7.74859791578, 0.0584415584416, 0.155551822684, 0.0040404040404, [ 0.  0.  0.  0.  0.  0.]
0, 495, 7.60771231054, 7.74831387222, 0.0888888888889, 0.155417421608, 0.00403225806452, [ 0.  0.  0.  0.  0.  0.]
0, 496, 7.56742259783, 7.74794990588, 0.1625, 0.155431672269, 0.00402414486922, [ 0.  0.  0.  0.  0.  0.]
0, 497, 6.80106223708, 7.74604852501, 0.291666666667, 0.155705236514, 0.00401606425703, [ 0.  0.  0.  0.  0.  0.]
0, 498, 6.10137281343, 7.7427525817, 0.666666666667, 0.156729207316, 0.00400801603206, [ 0.  0.  0.  0.  0.  0.]
0, 499, 7.92871890277, 7.74312451435, 0.0470085470085, 0.156509765996, 0.004, [ 0.  0.  0.  0.  0.  0.]
0, 500, 6.74404379992, 7.74113034126, 0.75, 0.157694377241, 0.00399201596806, [ 0.  0.  0.  0.  0.  0.]
0, 501, 7.65766064053, 7.74096406696, 0.416666666667, 0.158210258296, 0.00398406374502, [ 0.  0.  0.  0.  0.  0.]
0, 502, 8.15319203912, 7.74178360567, 0.0333704115684, 0.157962067746, 0.00397614314115, [ 0.  0.  0.  0.  0.  0.]
0, 503, 7.30664909954, 7.74092024356, 0.416666666667, 0.158475370521, 0.00396825396825, [ 0.  0.  0.  0.  0.  0.]
0, 504, 7.70585078137, 7.74085079908, 0.0494117647059, 0.158259402985, 0.0039603960396, [ 0.  0.  0.  0.  0.  0.]
0, 505, 8.00299625308, 7.7413688731, 0.0428571428571, 0.158031335277, 0.00395256916996, [ 0.  0.  0.  0.  0.  0.]
0, 506, 6.49333216902, 7.73890726224, 0.138888888889, 0.157993578973, 0.00394477317554, [ 0.  0.  0.  0.  0.  0.]
0, 507, 7.96922110661, 7.73936063595, 0.0416666666667, 0.157764588988, 0.00393700787402, [ 0.  0.  0.  0.  0.  0.]
0, 508, 7.21629134755, 7.73833299491, 0.166666666667, 0.157782078335, 0.00392927308448, [ 0.  0.  0.  0.  0.  0.]
0, 509, 7.71873565936, 7.73829456876, 0.0425724637681, 0.15755617713, 0.00392156862745, [ 0.  0.  0.  0.  0.  0.]
0, 510, 7.28706902482, 7.73741154422, 0.0606617647059, 0.157366559885, 0.00391389432485, [ 0.  0.  0.  0.  0.  0.]
0, 511, 7.50512735649, 7.73695786416, 0.133928571429, 0.157320782563, 0.00390625, [ 0.  0.  0.  0.  0.  0.]
0, 512, 7.9105432841, 7.7372962373, 0.0444664031621, 0.15710079352, 0.00389863547758, [ 0.  0.  0.  0.  0.  0.]
0, 513, 7.43299293988, 7.73670420754, 0.212121212121, 0.157207837136, 0.00389105058366, [ 0.  0.  0.  0.  0.  0.]
0, 514, 7.6785442477, 7.73659127558, 0.0588235294118, 0.157016799645, 0.00388349514563, [ 0.  0.  0.  0.  0.  0.]
0, 515, 8.79648266235, 7.73864532865, 0.0292869269949, 0.156769261132, 0.00387596899225, [ 0.  0.  0.  0.  0.  0.]
0, 516, 8.1034460782, 7.73935093939, 0.0444664031621, 0.156552040904, 0.00386847195358, [ 0.  0.  0.  0.  0.  0.]
0, 517, 8.31727833349, 7.74046662934, 0.0276515151515, 0.15630319819, 0.003861003861, [ 0.  0.  0.  0.  0.  0.]
0, 518, 7.28399762835, 7.73958711296, 0.3125, 0.156604155419, 0.00385356454721, [ 0.  0.  0.  0.  0.  0.]
0, 519, 7.55921872269, 7.73924025067, 0.0448343079922, 0.156389213405, 0.00384615384615, [ 0.  0.  0.  0.  0.  0.]
0, 520, 7.33167837263, 7.73845798219, 0.0940170940171, 0.156269497245, 0.00383877159309, [ 0.  0.  0.  0.  0.  0.]
0, 521, 7.53729561812, 7.73807261368, 0.0833333333333, 0.156129772793, 0.00383141762452, [ 0.  0.  0.  0.  0.  0.]
0, 522, 8.41602822086, 7.73936889591, 0.0287828947368, 0.155886279718, 0.0038240917782, [ 0.  0.  0.  0.  0.  0.]
0, 523, 7.84817936198, 7.73957654947, 0.0425724637681, 0.155670031978, 0.00381679389313, [ 0.  0.  0.  0.  0.  0.]
0, 524, 7.43824865493, 7.73900259157, 0.133333333333, 0.155627485885, 0.00380952380952, [ 0.  0.  0.  0.  0.  0.]
0, 525, 8.26803846576, 7.7400083632, 0.0679824561404, 0.155460860353, 0.00380228136882, [ 0.  0.  0.  0.  0.  0.]
0, 526, 7.87356400889, 7.74026178947, 0.0539772727273, 0.155268291876, 0.00379506641366, [ 0.  0.  0.  0.  0.  0.]
0, 527, 7.63178320855, 7.74005633761, 0.0550724637681, 0.15507852705, 0.00378787878788, [ 0.  0.  0.  0.  0.  0.]
0, 528, 7.58229493232, 7.73975811189, 0.0884615384615, 0.154952597015, 0.00378071833648, [ 0.  0.  0.  0.  0.  0.]
0, 529, 9.08500319366, 7.74229631016, 0.0244047619048, 0.154706280345, 0.00377358490566, [ 0.  0.  0.  0.  0.  0.]
0, 530, 8.04910861946, 7.74287411112, 0.0353598014888, 0.154481522381, 0.00376647834275, [ 0.  0.  0.  0.  0.  0.]
0, 531, 7.30613489253, 7.74205317274, 0.375, 0.154896030797, 0.00375939849624, [ 0.  0.  0.  0.  0.  0.]
0, 532, 7.62597000603, 7.74183538068, 0.0634615384615, 0.154724483907, 0.00375234521576, [ 0.  0.  0.  0.  0.  0.]
0, 533, 7.69816123704, 7.7417535939, 0.196428571429, 0.15480258145, 0.00374531835206, [ 0.  0.  0.  0.  0.  0.]
0, 534, 7.05342084978, 7.74046699064, 0.3125, 0.15509734298, 0.00373831775701, [ 0.  0.  0.  0.  0.  0.]
0, 535, 7.53621862277, 7.74008593025, 0.0442307692308, 0.154890502357, 0.00373134328358, [ 0.  0.  0.  0.  0.  0.]
0, 536, 7.40572105434, 7.73946327685, 0.0868055555556, 0.154763714746, 0.00372439478585, [ 0.  0.  0.  0.  0.  0.]
0, 537, 7.58476957464, 7.73917574209, 0.0571428571429, 0.154582263338, 0.00371747211896, [ 0.  0.  0.  0.  0.  0.]
0, 538, 7.63989907807, 7.73899155532, 0.0529891304348, 0.154393778862, 0.00371057513915, [ 0.  0.  0.  0.  0.  0.]
0, 539, 7.78173820414, 7.73907071579, 0.035625, 0.154173836679, 0.0037037037037, [ 0.  0.  0.  0.  0.  0.]
0, 540, 8.8774531977, 7.74117493479, 0.025, 0.153935068034, 0.00369685767098, [ 0.  0.  0.  0.  0.  0.]
0, 541, 7.44983717828, 7.74063741125, 0.0364583333333, 0.153718321291, 0.00369003690037, [ 0.  0.  0.  0.  0.  0.]
0, 542, 7.5896195901, 7.74035929372, 0.0412457912458, 0.15351118956, 0.0036832412523, [ 0.  0.  0.  0.  0.  0.]
0, 543, 7.27106643512, 7.73949662302, 0.0769230769231, 0.153370402588, 0.00367647058824, [ 0.  0.  0.  0.  0.  0.]
0, 544, 9.27100493884, 7.74230673003, 0.0311302681992, 0.153146108763, 0.00366972477064, [ 0.  0.  0.  0.  0.  0.]
0, 545, 7.37269557112, 7.74162978651, 0.416666666667, 0.153628747148, 0.003663003663, [ 0.  0.  0.  0.  0.  0.]
0, 546, 9.21756217072, 7.74432801756, 0.0243902439024, 0.153392479318, 0.0036563071298, [ 0.  0.  0.  0.  0.  0.]
0, 547, 6.96682462311, 7.74290921575, 0.3125, 0.153682821509, 0.0036496350365, [ 0.  0.  0.  0.  0.  0.]
0, 548, 7.73588111602, 7.74289641411, 0.0606617647059, 0.153513384247, 0.00364298724954, [ 0.  0.  0.  0.  0.  0.]
0, 549, 7.54367576153, 7.74253419474, 0.0584415584416, 0.153340526381, 0.00363636363636, [ 0.  0.  0.  0.  0.  0.]
0, 550, 7.54951673989, 7.74218389083, 0.0555555555556, 0.153163058195, 0.00362976406534, [ 0.  0.  0.  0.  0.  0.]
0, 551, 6.71911327971, 7.74033050204, 0.625, 0.154017835263, 0.0036231884058, [ 0.  0.  0.  0.  0.  0.]
0, 552, 7.97671360068, 7.74075795791, 0.0298245614035, 0.153793254298, 0.00361663652803, [ 0.  0.  0.  0.  0.  0.]
0, 553, 7.69372378623, 7.74067305869, 0.0794117647059, 0.153658991681, 0.00361010830325, [ 0.  0.  0.  0.  0.  0.]
0, 554, 7.55601606106, 7.74034034338, 0.266666666667, 0.153862609114, 0.0036036036036, [ 0.  0.  0.  0.  0.  0.]
0, 555, 6.43366382574, 7.73799020576, 0.75, 0.154934798666, 0.00359712230216, [ 0.  0.  0.  0.  0.  0.]
0, 556, 7.19506029142, 7.73701546623, 0.2, 0.15501570567, 0.00359066427289, [ 0.  0.  0.  0.  0.  0.]
0, 557, 7.60189847567, 7.73677332109, 0.3125, 0.155297935588, 0.00358422939068, [ 0.  0.  0.  0.  0.  0.]
0, 558, 7.5691598764, 7.73647347593, 0.183333333333, 0.155348088357, 0.00357781753131, [ 0.  0.  0.  0.  0.  0.]
0, 559, 7.53325282706, 7.73611058191, 0.141666666667, 0.155323657247, 0.00357142857143, [ 0.  0.  0.  0.  0.  0.]
0, 560, 6.54951496195, 7.7339954382, 0.625, 0.156160869979, 0.00356506238859, [ 0.  0.  0.  0.  0.  0.]
0, 561, 7.37320247605, 7.73335345784, 0.0364583333333, 0.155947876141, 0.00355871886121, [ 0.  0.  0.  0.  0.  0.]
0, 562, 7.20233131724, 7.73241025688, 0.0839160839161, 0.155819933349, 0.00355239786856, [ 0.  0.  0.  0.  0.  0.]
0, 563, 8.77027535146, 7.73425044322, 0.0388563049853, 0.155612551029, 0.00354609929078, [ 0.  0.  0.  0.  0.  0.]
0, 564, 6.30027751688, 7.73171243804, 0.75, 0.156664564213, 0.00353982300885, [ 0.  0.  0.  0.  0.  0.]
0, 565, 8.95444763841, 7.73387274758, 0.0351851851852, 0.156449936335, 0.00353356890459, [ 0.  0.  0.  0.  0.  0.]
0, 566, 8.40475108494, 7.73505595453, 0.0264808362369, 0.156220713936, 0.00352733686067, [ 0.  0.  0.  0.  0.  0.]
0, 567, 9.25113351016, 7.73772510515, 0.0227272727273, 0.155985690272, 0.00352112676056, [ 0.  0.  0.  0.  0.  0.]
0, 568, 8.46249281346, 7.73899886211, 0.0351851851852, 0.1557733871, 0.00351493848858, [ 0.  0.  0.  0.  0.  0.]
0, 569, 6.97786251353, 7.73766353518, 0.163461538462, 0.155786875085, 0.00350877192982, [ 0.  0.  0.  0.  0.  0.]
0, 570, 7.16823115695, 7.73666628058, 0.333333333333, 0.156097814591, 0.00350262697023, [ 0.  0.  0.  0.  0.  0.]
0, 571, 6.48207717331, 7.73447294298, 0.375, 0.156480510719, 0.0034965034965, [ 0.  0.  0.  0.  0.  0.]
0, 572, 8.08072693965, 7.7350772257, 0.238095238095, 0.156622944799, 0.00349040139616, [ 0.  0.  0.  0.  0.  0.]
0, 573, 7.87486893448, 7.73532076526, 0.0583333333333, 0.156451708542, 0.00348432055749, [ 0.  0.  0.  0.  0.  0.]
0, 574, 7.93803028282,